序號,券商,價格,買進股數,賣出股數
1,1020 合　　庫,180,1000,0
2,1020 合　　庫,180.5,4000,0
3,1020 合　　庫,181,200,0
4,1021 合庫台中,180.5,2000,1000
5,1021 合庫台中,181,3000,0
6,1022 合庫台南,181,2100,0
7,1023 合庫高雄,180.5,1000,0
8,1023 合庫高雄,181,1000,3000
9,1024 合庫嘉義,180.5,1000,0
10,1024 合庫嘉義,181,0,80
11,1028 合庫彰化,181,200,0
12,102A 合庫新竹,180.5,1000,0
13,102A 合庫新竹,181,6000,0
14,102C 合庫自強,180.5,1000,11000
15,102C 合庫自強,181,1100,0
16,102E 合庫桃園,180.5,5000,0
17,1030 土　　銀,180.5,0,2000
18,1033 土銀高雄,180.5,1000,0
19,1033 土銀高雄,181,0,2000
20,1035 土銀新竹,180.5,1000,0
21,1035 土銀新竹,181,2000,0
22,1035 土銀新竹,181.5,0,1000
23,1037 土銀花蓮,180.5,2000,0
24,1037 土銀花蓮,181,6000,0
25,103A 土銀建國,181,1000,0
26,103B 土銀彰化,180.5,1000,0
27,103C 土銀白河,181,1000,0
28,1040 臺    銀,180.5,155000,0
29,1040 臺    銀,181,1336100,1000
30,1041 臺銀鳳山,180,2000,0
31,1041 臺銀鳳山,181,128,2032
32,1041 臺銀鳳山,181.5,1000,0
33,1042 臺銀臺南,180.5,4000,0
34,1042 臺銀臺南,181,460,150
35,1043 臺銀民權,180.5,1000,0
36,1043 臺銀民權,181,4200,1000
37,1045 臺銀新竹,180.5,1000,0
38,1045 臺銀新竹,181,80,0
39,104A 臺銀臺中,180.5,3000,1000
40,104C 臺銀高雄,180.5,2000,1000
41,104C 臺銀高雄,181,4550,1100
42,104C 臺銀高雄,181.5,5000,0
43,104D 臺銀金山,180.5,1000,2000
44,104D 臺銀金山,181,4622,10000
45,104D 臺銀金山,181.5,0,1000
46,1110 企    銀,181,1000,0
47,1112 企銀台南,181,1000,0
48,1114 企銀嘉義,181,0,1000
49,1115 企銀太平,181,100,0
50,1119 企銀岡山,180.5,1000,0
51,111E 企銀桃園,181,1000,0
52,1160 日    盛,180,2000,0
53,1160 日    盛,180.5,58000,0
54,1160 日    盛,181,109000,5000
55,1160 日    盛,181.5,17000,0
56,1161 日盛忠孝,180.5,5000,0
57,1161 日盛忠孝,181,4050,0
58,1162 日盛台南,181,0,21000
59,1163 日盛台中,180,1000,0
60,1163 日盛台中,180.5,15000,0
61,1163 日盛台中,181,1000,2000
62,1165 日盛板橋,181,0,100
63,1166 日盛雙和,181.5,1000,0
64,1168 日盛高雄,181,5000,0
65,116A 日盛木柵,180.5,0,2000
66,116A 日盛木柵,181,0,34
67,116b 日盛園區,180.5,3000,0
68,116b 日盛園區,181,0,4
69,116B 日盛中壢,180,1000,0
70,116B 日盛中壢,181,12000,249
71,116B 日盛中壢,181.5,1000,0
72,116C 日盛八德,180.5,4000,22000
73,116E 日盛三重,180,10000,0
74,116f 日盛復興,180.5,5000,0
75,116f 日盛復興,181,0,1000
76,116f 日盛復興,181.5,0,1000
77,116F 日盛員林,181,50000,0
78,116G 日盛景美,180,2000,0
79,116H 日盛新竹,180.5,0,3000
80,116H 日盛新竹,181,10000,101000
81,116i 日盛樹林,181,1000,0
82,116I 日盛南京,180.5,0,1000
83,116I 日盛南京,181,1000,0
84,116j 日盛頭份,180,2000,0
85,116j 日盛頭份,180.5,2000,0
86,116j 日盛頭份,181,0,300
87,116k 日盛北高,181,1000,0
88,116K 日盛花蓮,181,7000,1000
89,116L 日盛大墩,180.5,3000,0
90,116m 日盛和美,181,4000,2000
91,116Q 日盛二林,180.5,3000,0
92,116s 日盛土城,181,50,0
93,116S 日盛新莊,180.5,8000,0
94,116S 日盛新莊,181,1000,0
95,116S 日盛新莊,181.5,1000,0
96,116U 日盛桃園,180.5,0,1000
97,116W 日盛鳳山,181,1000,0
98,116X 日盛宜蘭,181.5,0,2000
99,116Z 日盛中和,180.5,7000,0
100,116Z 日盛中和,181,1000,0
101,1230 彰    銀,181,12000,1000
102,1230 彰    銀,181.5,30000,0
103,1233 彰銀台中,181,0,1004
104,1260 宏    遠,180.5,0,1000
105,1260 宏    遠,181,100000,1000
106,1262 宏遠桃園,180.5,1000,0
107,1262 宏遠桃園,181,3200,0
108,126D 宏遠台南,180.5,0,2000
109,126D 宏遠台南,181,1000,4000
110,126H 宏遠中和,181,1000,0
111,126L 宏遠台中,180.5,3000,0
112,126U 宏遠館前,180.5,2000,0
113,126U 宏遠館前,181,3070,0
114,1360 港麥格理,180.5,0,30000
115,1360 港麥格理,181,0,61000
116,1360 港麥格理,181.5,0,175000
117,1380 台灣匯立,180.5,2311000,58000
118,1380 台灣匯立,181,2638000,711000
119,1380 台灣匯立,181.5,296000,59000
120,1440 美林,180,75000,2000
121,1440 美林,180.5,782000,182000
122,1440 美林,181,1319000,695000
123,1440 美林,181.5,483000,83000
124,1470 台灣摩根,180,0,1000
125,1470 台灣摩根,180.5,3000,722000
126,1470 台灣摩根,181,89000,170000
127,1470 台灣摩根,181.5,1000,34000
128,1480 美商高盛,180,0,3000
129,1480 美商高盛,180.5,97000,372000
130,1480 美商高盛,181,266000,392000
131,1480 美商高盛,181.5,28000,66000
132,1520 瑞士信貸,180,4000,41000
133,1520 瑞士信貸,180.5,104000,1373000
134,1520 瑞士信貸,181,253000,3264000
135,1520 瑞士信貸,181.5,56000,225000
136,1530 德意志,180,3000,0
137,1530 德意志,180.5,123000,141000
138,1530 德意志,181,494000,56000
139,1530 德意志,181.5,104000,0
140,1560 港商野村,180,0,10000
141,1560 港商野村,180.5,0,380000
142,1560 港商野村,181,11000,399000
143,1560 港商野村,181.5,6000,46000
144,1570 港商法興,180.5,52000,0
145,1590 花旗環球,180,0,43000
146,1590 花旗環球,180.5,86000,586000
147,1590 花旗環球,181,246000,898000
148,1590 花旗環球,181.5,1000,156000
149,1650 瑞銀,180,0,112000
150,1650 瑞銀,180.5,53000,993000
151,1650 瑞銀,181,132000,949205
152,1650 瑞銀,181.5,19000,107000
153,2180 亞    東,180,1000,0
154,2180 亞    東,181,41000,0
155,2184 亞東新竹,180.5,2000,0
156,2185 亞東台南,180.5,1000,0
157,2185 亞東台南,181,1000,0
158,2186 亞東高雄,181.5,1000,0
159,2188 亞東雙和,180.5,1000,0
160,2188 亞東雙和,181,100,0
161,5260 大    慶,180.5,0,50000
162,5260 大    慶,181.5,0,50000
163,5261 大慶蘆洲,181,1000,0
164,5264 大慶高雄,181,90,0
165,5265 大慶苗栗,180.5,5000,9000
166,5268 大慶台南,181,5000,0
167,5269 大慶台中,180.5,2000,0
168,5269 大慶台中,181,2000,0
169,526A 大慶中和,181,0,1000
170,526K 大慶富順,180.5,10000,1000
171,526L 大慶長榮,180.5,1000,0
172,5320 高    橋,180.5,1000,0
173,5320 高    橋,181,7000,0
174,5321 高橋龍潭,180,1000,0
175,5321 高橋龍潭,180.5,1000,0
176,5380 第一金證,180,2000,0
177,5380 第一金證,180.5,3000,0
178,5382 第一台中,180.5,1000,0
179,5382 第一台中,181,1000,1000
180,5383 第一高雄,181,1020,3000
181,5384 第一台南,180,2000,0
182,5384 第一台南,180.5,1000,1000
183,5384 第一台南,181,1301,5000
184,5385 第一桃園,180.5,1000,0
185,5389 第一中山,180.5,2000,1000
186,538A 第一新興,180.5,0,1000
187,538A 第一新興,181,4000,0
188,538B 第一新竹,180.5,2000,0
189,538D 第一忠孝,180,3000,0
190,538D 第一忠孝,181,7000,1000
191,538E 第一自由,180.5,2000,0
192,538E 第一自由,181,2000,50
193,538I 第一頭份,181,1000,0
194,538j 第一安和,181,1000,0
195,538N 第一豐原,181,0,2000
196,538W 第一華江,181,2000,0
197,5600 永    興,180.5,3000,0
198,5600 永    興,181,1000,0
199,5602 永興水湳,181,0,100
200,5603 永興台中,181,100,1000
201,5604 永興大墩,180,0,3000
202,5660 日    進,180.5,1000,0
203,5850 統    一,180.5,88000,1000
204,5850 統    一,181,112000,0
205,5850 統    一,181.5,12000,0
206,5851 統一高雄,181,1000,0
207,5852 統一敦南,180.5,26000,0
208,5852 統一敦南,181,4000,3000
209,5853 統一中壢,180,1000,0
210,5853 統一中壢,180.5,11000,0
211,5853 統一中壢,181,2000,0
212,5854 統一城中,180,2000,0
213,5854 統一城中,180.5,1000,0
214,5854 統一城中,181,1000,0
215,5855 統一台南,181,2000,0
216,5857 統一新竹,180.5,10000,0
217,5857 統一新竹,181,3000,0
218,5857 統一新竹,181.5,1000,0
219,5858 統一嘉義,180.5,1000,0
220,5859 統一屏東,180.5,2000,0
221,5859 統一屏東,181,5000,0
222,585A 統一基隆,180.5,0,4000
223,585b 統一內湖,180.5,1000,0
224,585b 統一內湖,181,4000,5000
225,585c 統一仁愛,180.5,10000,0
226,585D 統一新台中,181,10,1000
227,585E 統一新營,181,2000,862
228,585g 統一平鎮,181,1000,0
229,585H 統一桃園,180.5,1000,0
230,585J 統一三重,180.5,10000,0
231,585J 統一三重,181,10000,0
232,585M 統一士林,180.5,1000,0
233,585P 統一板橋,180.5,1000,0
234,585Q 統一三多,181,0,2000
235,585R 統一汐止,180.5,2000,0
236,585S 統一宜蘭,180.5,0,1000
237,585U 統一南京,181,97000,0
238,585W 統一金門,180.5,1000,0
239,585Y 統一土城,180.5,1000,0
240,585Z 統一松江,181,5000,0
241,5862 盈溢楠梓,181.5,0,3000
242,5870 光    隆,181,2000,2000
243,5920 元    富,180.5,6000,0
244,5920 元    富,181,11011,0
245,5921 元富高雄,180.5,0,1000
246,5921 元富高雄,181,16100,1000
247,5923 元富三重,180.5,2000,0
248,5923 元富三重,181,2130,0
249,5925 元富台中,180.5,60000,130000
250,5925 元富台中,181,75016,0
251,5925 元富台中,181.5,50000,0
252,5927 元富林園,180,1000,0
253,5927 元富林園,180.5,5000,0
254,5927 元富林園,181,0,1000
255,5929 元富台南,181,1071,0
256,592a 元富松德,181.5,10000,0
257,592A 元富緯城,181,4000,0
258,592b 元富板橋,181,1005,0
259,592c 元富烏日,180.5,2000,0
260,592c 元富烏日,181,66,0
261,592C 元富潮洲,180.5,3000,0
262,592C 元富潮洲,181,2000,0
263,592d 元富延平,181,4000,0
264,592D 元富大昌,180.5,2000,0
265,592D 元富大昌,181,2150,1000
266,592e 元富古亭,180.5,3000,0
267,592e 元富古亭,181,8054,5000
268,592E 元富城中,180.5,0,2000
269,592E 元富城中,181,6000,0
270,592g 元富中原,181,16,0
271,592G 元富新竹,180.5,1000,0
272,592G 元富新竹,181,38,0
273,592H 元富信義,181.5,1000,4000
274,592i 元富中港,181,3000,0
275,592I 元富嘉義,180.5,0,3000
276,592I 元富嘉義,181,5,0
277,592j 元富府中,180.5,1000,0
278,592j 元富府中,181,0,21000
279,592l 元富大裕,180.5,1000,0
280,592l 元富大裕,181,8000,0
281,592L 元富中壢,180.5,1000,0
282,592L 元富中壢,181,50,0
283,592m 元富成功,180.5,1000,0
284,592m 元富成功,181,0,1200
285,592n 元富西松,181,2000,2000
286,592N 元富虎尾,181,1000,0
287,592o 元富新興,181,2,0
288,592P 元富同大,180.5,3000,0
289,592P 元富同大,181,100,10000
290,592q 元富屏東,180.5,1000,0
291,592q 元富屏東,181,1050,0
292,592Q 元富敦南,181,2000,0
293,592r 元富城東,180,1000,0
294,592r 元富城東,180.5,7000,0
295,592r 元富城東,181,17000,0
296,592S 元富基隆,180.5,1000,0
297,592S 元富基隆,181,1000,0
298,592u 元富世貿,180.5,3000,2000
299,592u 元富世貿,181,2000,0
300,592U 元富宜蘭,181,0,1000
301,592v 元富桃園,180.5,1000,0
302,592v 元富桃園,181,1100,2000
303,592V 元富民權,180.5,1000,0
304,592w 元富佳里,180.5,2000,0
305,592w 元富佳里,181,1000,1000
306,592W 元富吉利,180.5,1000,0
307,592W 元富吉利,181,0,1000
308,592W 元富吉利,181.5,1000,0
309,592y 元富花蓮,181,143,0
310,592z 元富文心,180.5,3000,0
311,592z 元富文心,181,16,50
312,592Z 元富安南,180.5,1000,0
313,592Z 元富安南,181,16,1000
314,5960 日    茂,181,0,4
315,5961 日茂埔里,180.5,1000,0
316,6010 ★    亞,180,1000,0
317,6010 ★    亞,180.5,1000,0
318,6010 ★    亞,181,1000,0
319,6012 ★亞網路,180.5,1000,1000
320,6012 ★亞網路,181,3000,2000
321,6110 台中銀,180.5,1000,0
322,6110 台中銀,181,2000,450
323,6114 中銀員林,181,1000,0
324,6160 中國信託,180.5,5000,0
325,6160 中國信託,181,8000,0
326,6162 中信託忠,180,4000,0
327,6162 中信託忠,180.5,10000,0
328,6162 中信託忠,181,10000,0
329,6163 中信託永,180.5,1000,0
330,6164 中信託文,181,5000,0
331,6164 中信託文,181.5,10000,0
332,6165 中信託新,180,2000,0
333,6165 中信託新,180.5,2000,0
334,6165 中信託新,181,5000,1000
335,6165 中信託新,181.5,2000,0
336,6166 中信桃園,180.5,1000,0
337,6168 中信嘉義,180.5,1000,0
338,6168 中信嘉義,181,1000,0
339,6169 中信雙和,180.5,0,3000
340,6169 中信雙和,181,0,3000
341,616A 中信中壢,181,0,45
342,616K 中信託高,181,2000,0
343,6210 新 百 王,180.5,1000,2000
344,6210 新 百 王,181,1000,0
345,6380 光    和,180.5,3000,0
346,6380 光    和,181,3000,0
347,6381 光和溪湖,180.5,5000,0
348,6382 光和田中,181,0,50
349,6383 光和和美,181,1000,0
350,6450 永    全,181.5,1000,0
351,6452 永全八德,180.5,1000,0
352,6460 大    昌,180.5,3000,0
353,6461 大昌樹林,180.5,6000,0
354,6461 大昌樹林,181,0,3000
355,6461 大昌樹林,181.5,3000,0
356,6462 大昌安康,180.5,2000,0
357,6463 大昌新竹,181,3000,0
358,6464 大昌新店,180.5,2000,0
359,6464 大昌新店,181,0,100
360,6465 大昌桃園,181,1000,0
361,6530 大    眾,180.5,5000,11000
362,6530 大    眾,181,11000,2000
363,6530 大    眾,181.5,0,1000
364,6531 大眾左楠,180.5,2000,2000
365,6531 大眾左楠,181,0,1000
366,6532 大眾松江,180.5,1000,0
367,6534 大眾中山,181,3000,0
368,6535 大眾大安,181,1000,0
369,6536 大眾新莊,180.5,1000,0
370,6537 大眾松山,180.5,1000,0
371,6538 大眾新營,180.5,3000,0
372,6538 大眾新營,181,0,1000
373,6538 大眾新營,181.5,0,1000
374,6539 大眾永康,181,1000,0
375,653C 大眾通營,181,1000,0
376,653J 大眾台中,180,2000,0
377,653J 大眾台中,180.5,2000,0
378,653J 大眾台中,181,0,3000
379,6910 德    信,180.5,5000,0
380,6911 德信台北,181,1000,0
381,6912 德信中正,180,0,2000
382,6912 德信中正,180.5,2000,0
383,6915 德信和平,181,0,1000
384,6950 福    勝,181,2000,0
385,7000 兆豐,181,62000,20000
386,7001 兆豐嘉義,180.5,3000,3000
387,7003 兆豐台中,181,1000,0
388,7003 兆豐台中,181.5,2000,0
389,7005 兆豐中港,180.5,2000,0
390,7005 兆豐中港,181,2000,0
391,7006 兆豐台南,180.5,0,1000
392,7006 兆豐台南,181,1000,0
393,7006 兆豐台南,181.5,0,1000
394,7007 兆豐竹北,181,2000,0
395,7009 兆豐景美,180,1000,0
396,7009 兆豐景美,180.5,13000,0
397,7009 兆豐景美,181,9000,0
398,700a 兆豐忠孝,180.5,6000,0
399,700a 兆豐忠孝,181,7000,1020
400,700b 兆豐中壢,180.5,10000,0
401,700C 兆豐來福,180.5,2000,0
402,700C 兆豐來福,181,5000,0
403,700d 兆豐彰化,181,300,0
404,700D 兆豐西螺,181,1000,0
405,700D 兆豐西螺,181.5,2000,0
406,700E 兆豐斗南,181,2000,0
407,700f 兆豐鹿港,181.5,1000,0
408,700F 兆豐虎尾,181,0,512
409,700g 兆豐南門,180.5,3000,0
410,700g 兆豐南門,181,4000,0
411,700G 兆豐麻豆,181.5,0,1000
412,700h 兆豐三民,180.5,11000,0
413,700h 兆豐三民,181,1000,0
414,700H 兆豐東門,180.5,0,1000
415,700H 兆豐東門,181,1000,1000
416,700H 兆豐東門,181.5,1000,0
417,700I 兆豐北高,181,1000,0
418,700j 兆豐大安,181,1000,0
419,700J 兆豐公益,181,1000,1000
420,700k 兆豐員林,180.5,1000,0
421,700k 兆豐員林,181,50,0
422,700K 兆豐新營,181,0,5024
423,700L 兆豐天母,180.5,22000,0
424,700L 兆豐天母,181,30000,0
425,700M 兆豐桃園,180.5,1000,0
426,700M 兆豐桃園,181,1000,0
427,700N 兆豐埔墘,180.5,2000,0
428,700N 兆豐埔墘,181,1000,0
429,700p 兆豐復興,180.5,2000,2000
430,700r 兆豐寶成,180.5,1000,0
431,700s 兆豐岡山,180,2000,0
432,700s 兆豐岡山,181,1000,0
433,700S 兆豐大同,181,10000,0
434,700V 兆豐新竹,180,1000,0
435,700V 兆豐新竹,180.5,4000,0
436,700V 兆豐新竹,181,22019,0
437,700w 兆豐新莊,180.5,4000,0
438,700w 兆豐新莊,181,1000,0
439,700W 兆豐城中,180,4000,0
440,700W 兆豐城中,180.5,1000,0
441,700W 兆豐城中,181,3000,0
442,700X 兆豐永和,180.5,1000,0
443,700X 兆豐永和,181,2000,0
444,700Z 兆豐高雄,180.5,1000,0
445,700Z 兆豐高雄,181,3000,0
446,7020 信    富,180.5,5000,0
447,7032 致和佳里,181,100,0
448,7034 致和金華,180.5,3000,0
449,7035 致和東門,181,1000,0
450,7036 致和高雄,181,1000,0
451,703A 致和日陞,181,1000,0
452,7670 金    港,181,0,1000
453,7750 北    城,180.5,3000,0
454,7750 北    城,181,10000,1000
455,7790 國票綜合,180.5,2000,0
456,7790 國票綜合,181,1000,0
457,7791 國票台東,180.5,2000,0
458,7791 國票台東,181,2000,0
459,7795 國票南港,181,422,0
460,7797 國票中正,180,1000,0
461,779c 國票敦北,180.5,23000,0
462,779c 國票敦北,181,12000,749
463,779D 國票台南,181,1027,0
464,779e 國票南科,180.5,4000,0
465,779E 國票南崁,181,0,100
466,779G 國票新莊,181,6000,0
467,779H 國票嘉義,181,0,10000
468,779J 國票北高,180,1000,0
469,779J 國票北高,180.5,1000,0
470,779J 國票北高,181,3000,1000
471,779m 國票中港,181,1000,0
472,779n 國票南京,180.5,1000,0
473,779r 國票桃國,180.5,0,4000
474,779r 國票桃國,181,0,1000
475,779u 國票長城,180.5,17000,30000
476,779u 國票長城,181,23000,0
477,779v 國票台中,181,1000,0
478,779V 國票天祥,181.5,1000,0
479,779W 國票彰化,180.5,5000,0
480,779W 國票彰化,181,2000,0
481,779X 國票中和,181,1000,0
482,779z 國票博愛,180.5,1000,0
483,779Z 國票安和,180.5,1000,0
484,779Z 國票安和,181,2000,0
485,7900 豐    德,180.5,3000,0
486,8150 台    新,180.5,15000,0
487,8150 台    新,181,14010,2000
488,815A 台新高雄,180.5,5000,0
489,815A 台新高雄,181,30,0
490,815B 台新台中,180,1000,0
491,815B 台新台中,180.5,1000,0
492,815B 台新台中,181,83,0
493,815B 台新台中,181.5,5000,0
494,8380 安    泰,180.5,1000,0
495,8382 安泰楠梓,180.5,2000,0
496,8440 摩根大通,180.5,6000,53000
497,8440 摩根大通,181,13000,127000
498,8440 摩根大通,181.5,10000,0
499,8450 康    和,181,20000,0
500,8451 康和延平,180.5,2000,0
501,8451 康和延平,181,2000,0
502,8454 康和新營,181,2000,0
503,8455 康和台中,181,6000,0
504,8456 康和新竹,181,1000,0
505,8458 康和台南,180.5,1000,0
506,845A 康和內湖,181,6000,0
507,845A 康和內湖,181.5,0,1000
508,845D 康和板橋,180.5,1000,0
509,845D 康和板橋,181,10000,0
510,845E 康和澎湖,181,2010,0
511,845E 康和澎湖,181.5,1000,0
512,845F 康和仁愛,180.5,1000,0
513,845J 康和高雄,180.5,3000,0
514,845R 康和石牌,181,1000,0
515,845U 康和復興,180.5,135000,0
516,845U 康和復興,181,92000,2000
517,8560 新    光,180,11000,0
518,8560 新    光,180.5,30000,0
519,8560 新    光,181,8300,13000
520,8561 新光台中,180,3000,0
521,8561 新光台中,180.5,4000,1000
522,8561 新光台中,181,2000,6000
523,8561 新光台中,181.5,0,2000
524,8562 新光高雄,180,0,1000
525,8562 新光高雄,180.5,2000,1000
526,8562 新光高雄,181,2000,1000
527,8563 新光新竹,180.5,1000,0
528,8563 新光新竹,181,0,1000
529,8564 新光台南,180.5,6000,2000
530,8564 新光台南,181,2006,0
531,8564 新光台南,181.5,1000,0
532,8565 新光桃園,180.5,2000,0
533,8581 聯邦高雄,180.5,1000,0
534,8581 聯邦高雄,181,1000,0
535,8583 聯邦敦化,181.5,6000,0
536,8584 聯邦雙和,180.5,2000,0
537,8585 聯邦三重,180.5,2000,0
538,8586 聯邦大業,181,0,1000
539,8660 萬    通,181.5,3000,0
540,8710 陽   信,181,0,1000
541,8711 陽信石牌,180.5,1000,0
542,8840 玉    山,180.5,6000,0
543,8840 玉    山,181,18033,1000
544,8841 玉山雙和,180.5,1000,0
545,8841 玉山雙和,181,100,471
546,8842 玉山新莊,180.5,5000,0
547,8842 玉山新莊,181,2000,0
548,8843 玉山高雄,180.5,2000,0
549,8843 玉山高雄,181,1300,0
550,8844 玉山松江,181,300,0
551,8845 玉山仁愛,180.5,1000,1000
552,8845 玉山仁愛,181,1000,1000
553,8846 玉山土城,180.5,2000,0
554,8846 玉山土城,181,1000,1000
555,8847 玉山台南,180.5,1000,0
556,8847 玉山台南,181,1000,0
557,8848 玉山嘉義,180.5,5000,0
558,8848 玉山嘉義,181,5000,1000
559,8848 玉山嘉義,181.5,2000,0
560,884A 玉山士林,180.5,1000,0
561,884B 玉山台中,180.5,1000,0
562,884B 玉山台中,181,1000,0
563,884C 玉山南京,180.5,6000,1000
564,884C 玉山南京,181,5000,0
565,884D 玉山左營,180.5,1000,0
566,884E 玉山城中,181,13000,11000
567,884E 玉山城中,181.5,1000,0
568,884F 玉山桃園,180.5,1000,0
569,884F 玉山桃園,181,2000,1000
570,884H 玉山新竹,181,10000,0
571,884J 玉山大里,181,1000,0
572,8850 鑫    豐,180.5,122000,6000
573,8850 鑫    豐,181,21100,28000
574,8880 國泰綜合,180.5,160000,260000
575,8880 國泰綜合,181,926000,462000
576,8880 國泰綜合,181.5,17000,0
577,8881 國泰高雄,180,0,2000
578,8881 國泰高雄,180.5,11000,0
579,8881 國泰高雄,181.5,0,1000
580,8882 國泰台中,180.5,4000,2000
581,8882 國泰台中,181,1000,0
582,8883 國泰松江,181,4000,0
583,8884 國泰台南,181,200,0
584,8885 國泰桃園,180.5,5000,0
585,8887 國泰忠孝,180,2000,0
586,8887 國泰忠孝,180.5,2000,0
587,8887 國泰忠孝,181,0,2000
588,888A 國泰館前,180.5,1000,0
589,888A 國泰館前,181,0,1000
590,888A 國泰館前,181.5,1000,0
591,888K 國泰板橋,180.5,1000,0
592,888K 國泰板橋,181,27000,1000
593,8890 大和國泰,180.5,2000,47000
594,8890 大和國泰,181,8000,53000
595,8900 法銀巴黎,180.5,0,327000
596,8900 法銀巴黎,181,0,655000
597,8960 上海匯豐,180,0,8000
598,8960 上海匯豐,180.5,67000,246000
599,8960 上海匯豐,181,705000,305323
600,8960 上海匯豐,181.5,70000,27000
601,9100 群益,180.5,1000,0
602,9100 群益,181,6000,1000
603,9101 群益敦南,180.5,7000,0
604,9103 群益松山,181,1000,0
605,9108 群益海山,180.5,2000,0
606,9108 群益海山,181,5000,196
607,910D 群益大興,180.5,24000,0
608,9133 群益新興,180.5,5000,0
609,9133 群益新興,181,10000,0
610,9135 群益經國,180.5,2000,0
611,9135 群益經國,181,4000,0
612,9136 群益西松,180.5,1000,0
613,9138 群益中港,180.5,1000,0
614,913B 群益新壢,180,1000,0
615,913B 群益新壢,180.5,3000,0
616,913B 群益新壢,181,4000,0
617,913C 群益信義,180.5,0,1000
618,913D 群益潭子,180.5,1000,0
619,913D 群益潭子,181,3000,1000
620,913E 群益基隆,181,2000,1000
621,913g 群益南三,181,3000,0
622,913H 群益屏東,180.5,1000,0
623,913I 群益萬華,180.5,1000,0
624,913N 群益土城,181,0,1000
625,913R 群益北高,181,100,0
626,913U 群益崇德,181,0,1000
627,9184 群益台中,181,1000,0
628,9186 群益新竹,180.5,5000,0
629,9186 群益新竹,181,4000,0
630,9187 群益彰化,180.5,1000,0
631,9187 群益彰化,181.5,1000,0
632,9188 群益三民,181,100,0
633,9189 群益桃園,181,3000,6
634,918A 群益中壢,181,2100,0
635,918c 群益鳳山,180,0,1000
636,918C 群益古亭,180,2000,0
637,918C 群益古亭,180.5,10000,0
638,918C 群益古亭,181,12000,1000
639,918d 群益內湖,180.5,1000,0
640,918d 群益內湖,181,5000,0
641,918D 群益東門,180.5,16000,0
642,918D 群益東門,181,1000,0
643,918e 群益大安,180.5,15000,0
644,918e 群益大安,181,208000,0
645,918E 群益南京,180.5,4000,0
646,918F 群益新店,181,0,1000
647,918F 群益新店,181.5,3000,0
648,918g 群益大甲,180.5,2000,0
649,918G 群益新莊,180.5,1000,0
650,918H 群益中山,180.5,1000,0
651,918H 群益中山,181,0,1000
652,918i 群益竹南,180.5,2000,0
653,918i 群益竹南,181,1000,608
654,918J 群益永和,181,3004,2000
655,918J 群益永和,181.5,1000,0
656,918K 群益東湖,180.5,2000,2000
657,918L 群益建成,180,1000,0
658,918M 群益嘉義,180.5,2000,0
659,918M 群益嘉義,181,3000,1000
660,918P 群益天母,181,1000,300
661,918s 群益丹鳳,181,5000,0
662,918u 群益瑞豐,180.5,1000,10000
663,918u 群益瑞豐,181,1000,0
664,918W 群益忠孝,180.5,3000,0
665,918W 群益忠孝,181,14000,0
666,9200 凱基,180.5,206000,0
667,9200 凱基,181,20000,0
668,9200 凱基,181.5,5000,72000
669,9202 凱基中港,180.5,31000,0
670,9202 凱基中港,181,0,1000
671,9204 凱基台中,180,2000,0
672,9204 凱基台中,180.5,49000,2000
673,9204 凱基台中,181,27000,0
674,9204 凱基台中,181.5,1000,0
675,9205 凱基三重,180.5,5000,2000
676,9205 凱基三重,181,9000,1000
677,9206 凱基高雄,180.5,2000,0
678,9206 凱基高雄,181,0,3000
679,9206 凱基高雄,181.5,0,1000
680,9207 凱基永和,181,10000,0
681,9207 凱基永和,181.5,2000,0
682,9208 凱基桃園,180.5,4000,0
683,9208 凱基桃園,181,2000,2000
684,9209 凱基岡山,181,0,2
685,920A 凱基板橋,180.5,1000,0
686,920A 凱基板橋,181,4030,2000
687,920C 凱基雙和,180.5,1000,1000
688,920D 凱基市府,180.5,1000,0
689,920D 凱基市府,181,12000,0
690,920E 凱基東門,180.5,1000,0
691,920E 凱基東門,181,1000,0
692,920F 凱基站前,181,100,345
693,920G 凱基彰化,180.5,2000,0
694,920H 凱基基隆,180.5,1000,0
695,920H 凱基基隆,181,0,14
696,920N 凱基湖口,180,1000,0
697,920N 凱基湖口,181,5000,0
698,920V 凱基新店,180.5,1000,0
699,920Z 凱基台東,180.5,32000,0
700,920Z 凱基台東,181,11000,0
701,9211 凱基台南,180.5,7000,0
702,9211 凱基台南,181,2000,7000
703,9212 凱基東港,181.5,1000,0
704,9215 凱基高美,180.5,2000,1000
705,9215 凱基高美,181,2000,1000
706,9216 凱基信義,180.5,1000,0
707,9216 凱基信義,181,1000,0
708,9216 凱基信義,181.5,0,1000
709,9217 凱基松山,180.5,1000,0
710,9217 凱基松山,181,1000,0
711,9218 凱基大直,180.5,1000,0
712,9218 凱基大直,181,1000,0
713,9218 凱基大直,181.5,0,1000
714,921A 凱基北中,181,0,1000
715,921C 凱基民權,181,45000,0
716,921F 凱基天母,181,20,0
717,921G 凱基五股,180.5,0,5000
718,921G 凱基五股,181,2000,0
719,921J 凱基土城,181,100,0
720,921M 凱基八德,180.5,1000,0
721,921M 凱基八德,181,0,1000
722,921S 凱基幸福,180.5,3000,0
723,921Y 凱基東勢,180.5,1000,0
724,921Y 凱基東勢,181,7060,0
725,9221 凱基新竹,180.5,10000,0
726,9221 凱基新竹,181,4000,1472
727,9223 凱基豐中,181,1000,2000
728,9227 凱基城中,180.5,2000,3000
729,9227 凱基城中,181,33000,2000
730,9229 凱基中山,180.5,51000,1000
731,9229 凱基中山,181,1000,3000
732,922C 凱基屏東,180.5,4000,0
733,922H 凱基復興,180.5,1000,0
734,922H 凱基復興,181,2000,0
735,922H 凱基復興,181.5,2000,0
736,9231 凱基員林,181,50,0
737,9232 凱基建成,181,0,10
738,9233 凱基長庚,180.5,2000,0
739,9233 凱基長庚,181,600,0
740,9234 凱基竹北,180.5,20000,2000
741,9234 凱基竹北,181,2000,0
742,9235 凱基永華,180.5,2000,0
743,9237 凱基敦北,180.5,10000,1000
744,9237 凱基敦北,181,9150,5000
745,9238 凱基士林,180.5,3000,0
746,9238 凱基士林,181,2000,300
747,9239 凱基市政,180.5,1000,0
748,9243 凱基七賢,181,4000,0
749,9252 凱基嘉義,180.5,1000,0
750,9252 凱基嘉義,181,2000,0
751,9254 凱基科園,180.5,1000,0
752,9259 凱基澄新,181,0,100
753,9266 凱基新豐,180.5,1000,0
754,9266 凱基新豐,181,100,0
755,9268 凱基台北,180,0,2000
756,9268 凱基台北,180.5,7000,1733000
757,9268 凱基台北,181,121000,2475000
758,9268 凱基台北,181.5,0,208000
759,9272 凱基竹科,180.5,15000,0
760,9272 凱基竹科,181,1000,0
761,9272 凱基竹科,181.5,1000,0
762,9273 凱基竹東,181,1000,0
763,9274 凱基鳳山,181,1500,0
764,9281 凱基斗六,181,1000,0
765,9283 凱基北門,180.5,1000,0
766,9283 凱基北門,181,16,0
767,9285 凱基中壢,181,2000,0
768,9287 凱基內湖,180.5,1000,0
769,9288 凱基埔墘,180.5,2000,0
770,9289 凱基興隆,180,0,2000
771,9289 凱基興隆,180.5,1000,0
772,9289 凱基興隆,181,2000,0
773,9291 凱基大安,180.5,1000,0
774,9291 凱基大安,181,1100,0
775,9294 凱基西屯,180.5,1000,0
776,9296 凱基頭份,180.5,0,1000
777,9296 凱基頭份,181,1000,0
778,9298 凱基延平,181,11000,0
779,9300 華南永昌,180,0,1000
780,9300 華南永昌,180.5,65000,0
781,9300 華南永昌,181,73000,0
782,9300 華南永昌,181.5,1000,0
783,9302 華南台中,180.5,0,2000
784,9302 華南台中,181,2000,0
785,9302 華南台中,181.5,0,1000
786,9303 華南高雄,181,1000,0
787,9305 華南新莊,181,0,1000
788,9306 華南台南,180,1000,0
789,9306 華南台南,181,0,591
790,9307 華南大安,180.5,4000,0
791,9308 華南麻豆,180.5,1000,0
792,9309 華南古亭,180.5,2000,0
793,9309 華南古亭,181,2010,1000
794,9315 華南苑裡,180.5,1000,0
795,9316 華南淡水,181,1000,0
796,9317 華南林口,180,0,1000
797,9317 華南林口,180.5,1000,0
798,9319 華南鶯歌,180.5,1000,0
799,9319 華南鶯歌,181,0,1475
800,9322 華南公誠,180.5,3000,0
801,9322 華南公誠,181,1000,0
802,9325 華南忠孝,181,1000,0
803,9326 華南南京,181,1000,0
804,9329 華南朴子,180,1000,0
805,9332 華南楠梓,180.5,5000,0
806,9333 華南長虹,180.5,1000,0
807,9333 華南長虹,181.5,5000,0
808,9334 華南世貿,180.5,2000,0
809,9334 華南世貿,181,5,0
810,9336 華南士林,180.5,1000,0
811,9337 華南內壢,181,112,0
812,9348 華南五權,181,0,1000
813,9349 華南合泰,181,27000,0
814,9352 華南桃園,180.5,1000,0
815,9358 華南東勢,181,1000,1000
816,9359 華南中正,181,2000,0
817,9363 華南彰化,180.5,1000,0
818,9363 華南彰化,181,1000,0
819,9365 華南八里,180.5,1000,0
820,9381 華南斗南,180.5,10000,0
821,9600 富邦,180.5,1505000,0
822,9600 富邦,181,700000,0
823,9604 富邦陽明,180,5000,0
824,9604 富邦陽明,181,1000,0
825,9607 富邦古亭,180.5,1000,0
826,9615 富邦木柵,181,1400,0
827,9616 富邦岡山,180.5,8000,0
828,9616 富邦岡山,181,1000,0
829,9618 富邦大同,180.5,6000,0
830,9618 富邦大同,181,4000,0
831,9621 富邦花蓮,180,1000,0
832,9622 富邦園區,180,2000,0
833,9622 富邦園區,180.5,1000,0
834,9622 富邦園區,181,2000,149
835,9623 富邦台北,181,3000,0
836,9624 富邦竹北,180.5,10000,0
837,9624 富邦竹北,181,1000,0
838,9625 富邦竹東,180.5,15000,0
839,9625 富邦竹東,181,3000,3000
840,9627 富邦內湖,180.5,1000,0
841,9627 富邦內湖,181,2000,2010
842,9627 富邦內湖,181.5,1000,0
843,9636 富邦中壢,180,1000,0
844,9636 富邦中壢,180.5,1000,0
845,9636 富邦中壢,181,10,0
846,9645 富邦南京,180.5,3000,0
847,9647 富邦新華,180.5,1000,0
848,9647 富邦新華,181,6000,1009
849,9651 富邦民生,180.5,4000,0
850,9651 富邦民生,181,1000,0
851,9652 富邦世貿,180.5,6000,0
852,9652 富邦世貿,181,100,0
853,9653 富邦延平,181,0,3000
854,9654 富邦永和,180.5,3000,0
855,9655 富邦板橋,180.5,1000,0
856,9655 富邦板橋,181,2100,30
857,9656 富邦三民,181.5,1000,2000
858,9657 富邦苗栗,180.5,1000,0
859,9658 富邦建國,180,0,1000
860,9658 富邦建國,180.5,1000,0
861,9658 富邦建國,181,1000,9
862,9659 富邦高雄,180.5,1000,0
863,9659 富邦高雄,181,0,1000
864,965K 富邦台中,180.5,1000,0
865,965K 富邦台中,181,1000,200
866,965U 富邦彰化,181,2000,1000
867,965U 富邦彰化,181.5,1000,0
868,9663 富邦敦南,181,1100,0
869,9664 富邦天母,181,1000,0
870,9665 富邦桃園,180,2000,0
871,9665 富邦桃園,181,1050,0
872,9665 富邦桃園,181.5,1000,0
873,9666 富邦南屯,180.5,1000,0
874,9666 富邦南屯,181,3000,294
875,9667 富邦台南,180.5,1000,0
876,9667 富邦台南,181,200,3206
877,9667 富邦台南,181.5,2000,0
878,966F 富邦左營,180,1000,0
879,966F 富邦左營,181,1000,20000
880,9671 富邦八德,180.5,30000,0
881,9671 富邦八德,181,0,2000
882,9672 富邦員林,181,10,150
883,9676 富邦仁愛,180.5,4000,1000
884,9676 富邦仁愛,181,7275,1000
885,9677 富邦三重,181,1,0
886,9678 富邦北投,180.5,1000,3000
887,9678 富邦北投,181,1000,1000
888,9679 富邦延吉,180.5,2000,0
889,9686 富邦宜蘭,180.5,6000,0
890,9689 富邦重慶,181.5,1000,0
891,9693 富邦新營,181,1000,0
892,9694 富邦中山,180.5,7000,0
893,9694 富邦中山,181,20000,0
894,9697 富邦虎尾,181,100,1000
895,9800 元大,180,50000,1000
896,9800 元大,180.5,442000,114000
897,9800 元大,181,208000,206000
898,9800 元大,181.5,10000,28000
899,9801 元大松江,180.5,1000,2000
900,9801 元大松江,181,0,2000
901,980a 元大承德,180.5,1000,0
902,980a 元大承德,181,100,0
903,980C 元大斗六,180.5,2000,0
904,980C 元大斗六,181,2000,0
905,980D 元大開元,180.5,1000,0
906,980e 元大清水,180,1000,0
907,980e 元大清水,181,1000,0
908,980h 元大台北,180.5,1000,0
909,980h 元大台北,181,1000,1000
910,980K 元大竹科,180.5,3000,0
911,980K 元大竹科,181,6000,4306
912,980Q 元大南崁,180.5,1000,0
913,980Q 元大南崁,181,0,1000
914,980R 元大南海,180.5,2000,0
915,980u 元大府城,181,1000,0
916,980w 元大西屯,181,0,1000
917,980w 元大西屯,181.5,2000,0
918,9812 元大台中,180.5,2000,0
919,9812 元大台中,181,520,0
920,9813 元大八德,181,1000,0
921,9814 元大大益,180.5,2000,0
922,9814 元大大益,181,1000,0
923,9815 元大永康,181,4000,1000
924,9816 元大新竹,181,1000,0
925,9817 元大東泰,180.5,1000,0
926,9817 元大東泰,181,1000,0
927,981a 元大歸仁,181,1000,0
928,981A 元大鶯歌,180.5,1000,0
929,981A 元大鶯歌,181,30,0
930,981B 元大竹北,181,0,5000
931,981C 元大路竹,180.5,1000,0
932,981C 元大路竹,181,1000,1000
933,981D 元大南投,180.5,0,1000
934,981D 元大南投,181,1010,1000
935,981e 元大佳里,180.5,1000,0
936,981e 元大佳里,181,2016,0
937,981e 元大佳里,181.5,2000,0
938,981E 元大發財,181,3000,0
939,981g 元大大里,180.5,1000,0
940,981g 元大大里,181,23000,0
941,981G 元大彰化,181,1000,0
942,981h 元大屏生,180,0,2000
943,981h 元大屏生,180.5,1000,1000
944,981h 元大屏生,181,5000,1000
945,981h 元大屏生,181.5,1000,0
946,981i 元大西螺,180.5,0,2000
947,981I 元大天母,180.5,2000,0
948,981I 元大天母,181,0,279
949,981j 元大士林,180.5,0,2000
950,981j 元大士林,181,2100,1000
951,981K 元大林園,180.5,7000,0
952,981L 元大莒光,180.5,0,2000
953,981L 元大莒光,181,2000,0
954,981m 元大新興,180,3000,0
955,981m 元大新興,180.5,2000,0
956,981m 元大新興,181,1030,1000
957,981n 元大旗山,181,1000,0
958,981N 元大金門,181,100,0
959,981p 元大松山,180.5,2000,0
960,981p 元大松山,181,1000,0
961,981q 元大艋舺,180.5,3000,0
962,981q 元大艋舺,181,3000,97
963,981Q 元大太平,180.5,0,1000
964,981r 元大屏南,180,1000,0
965,981r 元大屏南,180.5,1000,0
966,981r 元大屏南,181,3000,0
967,981S 元大崇德,181,2000,0
968,981U 元大華山,181,100,0
969,981V 元大民雄,181,8000,0
970,981X 元大東門,180.5,5000,0
971,981X 元大東門,181,1000,0
972,981y 元大善化,180.5,1000,0
973,981z 元大大統,180.5,2000,0
974,9822 元大學府,180.5,1000,0
975,9824 元大向上,180.5,2000,0
976,9825 元大新營,180.5,0,4000
977,9825 元大新營,181,0,1000
978,9825 元大新營,181.5,0,1000
979,9829 元大南康,180.5,1000,0
980,9829 元大南康,181,1000,0
981,982A 元大羅東,180.5,1000,0
982,982A 元大羅東,181,1000,0
983,982B 元大博愛,180,1000,0
984,982B 元大博愛,180.5,3000,0
985,982B 元大博愛,181,2300,2000
986,982C 元大六合,180.5,1000,0
987,982C 元大六合,181,1000,12000
988,982C 元大六合,181.5,1000,0
989,982F 元大忠鼎,180.5,99000,0
990,982F 元大忠鼎,181,1000,0
991,9831 元大四維,180.5,2000,1000
992,9831 元大四維,181,2000,1000
993,9833 元大敦化,180.5,2000,0
994,9833 元大敦化,181,100,0
995,9834 元大中壢,180.5,1000,0
996,9834 元大中壢,181,3050,0
997,9834 元大中壢,181.5,2000,0
998,9835 元大員林,181,50,0
999,9837 元大北港,180.5,3000,0
1000,9838 元大豐原,180.5,0,1000
1001,9838 元大豐原,181,7000,0
1002,983G 元大上新,180.5,3000,0
1003,983i 元大民興,181,0,2000
1004,983K 元大學甲,181,2000,0
1005,983M 元大木柵,180.5,5000,0
1006,983M 元大木柵,181,10000,1000
1007,983U 元大頭份,181,1000,483
1008,983V 元大竹南,180.5,5000,0
1009,983V 元大竹南,181,1000,0
1010,983W 元大德芳,180.5,3000,0
1011,983W 元大德芳,181,0,3000
1012,983Z 元大鳳山,181,0,507
1013,984C 元大新中,180.5,2000,0
1014,984C 元大新中,181.5,0,1000
1015,984E 元大南勢,181,0,1000
1016,984H 元大景美,180.5,1000,0
1017,984K 元大館前,180,0,1000
1018,984K 元大館前,180.5,2000,1000
1019,984K 元大館前,181,3000,7000
1020,9853 元大南屯,180.5,2000,0
1021,9853 元大南屯,181.5,3000,0
1022,9854 元大文心,180.5,1000,0
1023,9856 元大花蓮,181,3000,0
1024,9857 元大東蘆,180.5,1000,0
1025,9857 元大東蘆,181.5,1000,0
1026,9858 元大龍潭,180.5,1000,0
1027,9858 元大龍潭,181,1300,0
1028,9859 元大經國,180.5,2000,0
1029,9859 元大經國,181,8100,1000
1030,9859 元大經國,181.5,0,1000
1031,9862 元大南京,180.5,2000,0
1032,9862 元大南京,181,3000,4000
1033,9863 元大新和,180.5,1000,0
1034,9863 元大新和,181,1000,0
1035,9866 元大樹板,181,100,0
1036,9867 元大北成,181,81,0
1037,9868 元大水湳,180.5,1000,0
1038,9868 元大水湳,181.5,15000,0
1039,9869 元大新盛,180.5,1000,0
1040,9869 元大新盛,181,100,6000
1041,986K 元大基孝,181,5000,0
1042,9871 元大忠孝,180.5,2000,0
1043,9872 元大復北,180.5,1000,1000
1044,9872 元大復北,181,300158,1000
1045,9873 元大西門,180.5,1000,0
1046,9873 元大西門,181,2000,0
1047,9874 元大雙和,180.5,6000,0
1048,9875 元大永寧,180.5,1000,0
1049,9878 元大赤崁,181,2000,0
1050,9878 元大赤崁,181.5,1000,0
1051,9879 元大板三,180.5,0,1000
1052,9879 元大板三,181,22000,0
1053,987A 元大楊梅,181,6000,0
1054,987D 元大新壢,181,3000,0
1055,9888 元大鑫永,180.5,1000,0
1056,9888 元大鑫永,181,3000,0
1057,9889 元大北員,181,1000,1149
1058,988B 元大藝文,180,2000,0
1059,9891 元大永和,181,100,0
1060,9893 元大大天,180.5,2000,7000
1061,9893 元大大天,181,1000,1000
1062,9894 元大北桃,181,1103,0
1063,9896 元大台南,180.5,1000,0
1064,9896 元大台南,181,1000,723
1065,9896 元大台南,181.5,10000,0
1066,9897 元大土城,180.5,1000,0
1067,9898 元大新莊,180.5,2000,1000
1068,9898 元大新莊,181,1000,1000
1069,9899 元大淡水,181,1000,0
1070,989a 元大苑裡,181,1000,1000
1071,989B 元大中港,180.5,0,1000
1072,989B 元大中港,181,3020,0
1073,989C 元大板橋,180.5,1000,0
1074,989C 元大板橋,181,1000,1000
1075,989d 元大北屯,181,2000,0
1076,989D 元大左營,180.5,1000,0
1077,989D 元大左營,181,2000,0
1078,989e 元大中和,180.5,1000,30000
1079,989e 元大中和,181,1000,0
1080,989E 元大草屯,180.5,1000,0
1081,989F 元大高雄,180.5,1000,0
1082,989F 元大高雄,181,1000,1000
1083,989G 元大大同,180.5,1000,0
1084,989G 元大大同,181,1172,0
1085,989I 元大蘆洲,181,0,1000
1086,989j 元大樹林,180.5,2000,0
1087,989j 元大樹林,181,2000,5000
1088,989J 元大彰生,180.5,1000,0
1089,989J 元大彰生,181,1000,0
1090,989k 元大古亭,181,0,1000
1091,989L 元大成功,181,100,0
1092,989m 元大信義,181,80,0
1093,989N 元大內湖,180.5,3000,0
1094,989N 元大內湖,181,3000,0
1095,989P 元大敦南,180.5,2000,0
1096,989P 元大敦南,181,1000,0
1097,989P 元大敦南,181.5,0,1000
1098,989Q 元大汐止,180.5,3000,0
1099,989Q 元大汐止,181,0,1000
1100,989S 元大鹿港,180.5,1000,0
1101,989U 元大大甲,180.5,11000,7000
1102,989U 元大大甲,181,1000,0
1103,989V 元大北重,181,0,2000
1104,989V 元大北重,181.5,2000,0
1105,989W 元大站前,180.5,2000,0
1106,989W 元大站前,181,1000,0
1107,989X 元大民生,180.5,8000,0
1108,989Z 元大小港,181,2000,0
1109,9A00 永豐金,180,6000,0
1110,9A00 永豐金,180.5,88000,221000
1111,9A00 永豐金,181,219000,84420
1112,9A00 永豐金,181.5,53000,35000
1113,9A61 永豐鳳山,181,100,0
1114,9A68 永豐五權,181,0,1000
1115,9A68 永豐五權,181.5,1000,0
1116,9A69 永豐屏東,181,1000,0
1117,9A71 永豐成功,181,1000,1000
1118,9A76 永豐城中,180.5,30000,1000
1119,9A8F 永豐敦南,180,1000,0
1120,9A8F 永豐敦南,180.5,3000,0
1121,9A8F 永豐敦南,181,3000,0
1122,9A91 永豐松山,181,3000,0
1123,9A92 永豐萬盛,181.5,0,1000
1124,9A93 永豐大稻,180.5,6000,4000
1125,9A93 永豐大稻,181,0,2000
1126,9A97 永豐新竹,180.5,1000,0
1127,9A97 永豐新竹,181,1050,0
1128,9A97 永豐新竹,181.5,1000,0
1129,9A98 永豐大園,180.5,3000,0
1130,9A9a 永豐苓雅,180.5,3000,1000
1131,9A9a 永豐苓雅,181,4100,8000
1132,9A9a 永豐苓雅,181.5,2000,0
1133,9A9c 永豐永康,180.5,2000,0
1134,9A9c 永豐永康,181,1000,1000
1135,9A9C 永豐員林,180.5,1000,0
1136,9A9D 永豐忠孝,181,1000,0
1137,9A9e 永豐高雄,180.5,1000,0
1138,9A9E 永豐板橋,180.5,2000,3000
1139,9A9E 永豐板橋,181,0,528
1140,9A9f 永豐中盛,180.5,1000,0
1141,9A9f 永豐中盛,181,1000,0
1142,9A9F 永豐安和,180.5,1000,0
1143,9A9g 永豐內湖,180,1000,0
1144,9A9g 永豐內湖,181,0,2000
1145,9A9G 永豐天母,180.5,2000,2000
1146,9A9G 永豐天母,181,5000,0
1147,9A9H 永豐新莊,180.5,1000,0
1148,9A9i 永豐新店,181,100000,0
1149,9A9j 永豐嘉義,180.5,2000,0
1150,9A9J 永豐板新,180.5,11000,2000
1151,9A9J 永豐板新,181,0,200
1152,9A9k 永豐桃中,180.5,1000,0
1153,9A9k 永豐桃中,181,1000,0
1154,9A9L 永豐台中,181,1000,15000
1155,9A9m 永豐板南,180.5,1000,1000
1156,9A9N 永豐桃盛,181,1000,0
1157,9A9p 永豐府城,181,21000,0
1158,9A9P 永豐竹北,180.5,1000,0
1159,9A9P 永豐竹北,181,1000,1000
1160,9A9q 永豐潮洲,181,0,1000
1161,9A9Q 永豐豐原,181,2000,0
1162,9A9s 永豐彰化,181,4000,0
1163,9A9S 永豐南京,180.5,6000,0
1164,9A9S 永豐南京,181,0,2000
1165,9A9S 永豐南京,181.5,0,1000
1166,9A9U 永豐中正,180.5,2000,0
1167,9A9U 永豐中正,181,0,897
1168,9A9v 永豐光復,181,1000,0
1169,9A9V 永豐三民,180.5,1000,0
1170,9A9V 永豐三民,181,1000,0
1171,9A9W 永豐市政,181,4100,0
1172,9A9x 永豐桃園,180.5,1000,10000
1173,9A9x 永豐桃園,181,0,2000
1174,9A9X 永豐竹科,180.5,3000,0
1175,9A9X 永豐竹科,181,0,1000
1176,9A9Y 永豐板盛,181,200,0
1177,9A9Z 永豐復興,181,3000,0
