產業別,公司代號,公司名稱,當月營收,上月營收,去年當月營收,上月比較增減(%),去年同月增減(%),當月累計營收,去年累計營收,前期比較增減(%)
水泥工業,1101,台泥,7087046,7454905,7026214,-4.93,0.86,63024723,69118305,-8.81
水泥工業,1102,亞泥,5078411,5106282,5546527,-0.54,-8.43,44103219,49119242,-10.21
水泥工業,1103,嘉泥,277340,196746,189109,40.96,46.65,2104580,1957522,7.51
水泥工業,1104,環球水泥,293590,388895,423675,-24.50,-30.70,3362715,3770793,-10.82
水泥工業,1108,幸福水泥,335445,388420,340734,-13.63,-1.55,3163694,3770395,-16.09
水泥工業,1109,信大水泥,345658,364687,442774,-5.21,-21.93,3025703,3204962,-5.59
水泥工業,1110,東泥,83555,103040,138827,-18.91,-39.81,1087711,1371851,-20.71
水泥工業,1101,台泥,7087046,7454905,7026214,-4.93,0.86,63024723,69118305,-8.81
水泥工業,1102,亞泥,5078411,5106282,5546527,-0.54,-8.43,44103219,49119242,-10.21
水泥工業,1103,嘉泥,277340,196746,189109,40.96,46.65,2104580,1957522,7.51
水泥工業,1104,環球水泥,293590,388895,423675,-24.50,-30.70,3362715,3770793,-10.82
水泥工業,1108,幸福水泥,335445,388420,340734,-13.63,-1.55,3163694,3770395,-16.09
水泥工業,1109,信大水泥,345658,364687,442774,-5.21,-21.93,3025703,3204962,-5.59
水泥工業,1110,東泥,83555,103040,138827,-18.91,-39.81,1087711,1371851,-20.71
食品工業,1201,味全公司,1672012,1763703,1806688,-5.19,-7.45,13300809,16194079,-17.86
食品工業,1203,味王公司,507478,578616,610679,-12.29,-16.89,4742645,5133913,-7.62
食品工業,1210,大成長城,6539518,6489143,6972451,0.77,-6.20,55212859,58981604,-6.38
食品工業,1213,大飲,48340,93287,55527,-48.18,-12.94,535679,602035,-11.02
食品工業,1215,卜蜂企業,1532451,1630587,1443831,-6.01,6.13,13327847,12374527,7.70
食品工業,1216,統一,35517051,37381315,36509184,-4.98,-2.71,319022454,320959530,-0.60
食品工業,1217,愛之味,337564,599499,391263,-43.69,-13.72,3313449,3839226,-13.69
食品工業,1218,泰山企業,721550,841131,695403,-14.21,3.75,6194611,6258916,-1.02
食品工業,1219,福壽實業,863652,907307,779711,-4.81,10.76,8017916,7127863,12.48
食品工業,1220,台榮,202700,261883,276814,-22.59,-26.77,2125278,2429945,-12.53
食品工業,1225,福懋油,849522,953134,810949,-10.87,4.75,7927814,8051490,-1.53
食品工業,1227,佳格,2646459,2422743,2853657,9.23,-7.26,19546996,19233848,1.62
食品工業,1229,聯華實業,415700,441131,462141,-5.76,-10.04,3948512,3928006,0.52
食品工業,1231,聯華食品,544213,593523,512395,-8.30,6.20,4954966,4893025,1.26
食品工業,1232,大統益,1412122,1602248,1546848,-11.86,-8.70,12725711,13366089,-4.79
食品工業,1233,天仁,172743,181825,189576,-4.99,-8.87,1600563,1602983,-0.15
食品工業,1234,黑松,833496,966108,531454,-13.72,56.83,6629514,4830128,37.25
食品工業,1235,興泰,19746,16186,9342,21.99,111.36,102389,78929,29.72
食品工業,1236,宏亞食品,224374,154371,261371,45.34,-14.15,1474381,1696054,-13.06
食品工業,1702,南僑化工,1388798,1441299,1418137,-3.64,-2.06,12008925,11473501,4.66
食品工業,1737,臺鹽,236086,270980,234238,-12.87,0.78,2097654,2097132,0.02
塑膠工業,1301,台塑,13095242,14230738,16019259,-7.97,-18.25,129726099,145699706,-10.96
塑膠工業,1303,南亞塑膠,22981375,23196039,23791206,-0.92,-3.40,202614025,232854191,-12.98
塑膠工業,1304,台聚,4093903,4336897,4338635,-5.60,-5.64,38766003,39583756,-2.06
塑膠工業,1305,華夏,1051260,1162677,1117747,-9.58,-5.94,10653368,10309963,3.33
塑膠工業,1307,三芳化工,982022,933705,1049710,5.17,-6.44,8284911,8477455,-2.27
塑膠工業,1308,亞聚,449147,491768,422117,-8.66,6.40,4022583,3722114,8.07
塑膠工業,1309,台達化工,1256667,1362449,1345178,-7.76,-6.57,11712422,13192809,-11.22
塑膠工業,1310,台苯,1128310,1186674,990435,-4.91,13.92,10267068,9766655,5.12
塑膠工業,1312,國喬石化,1568418,1791530,1327978,-12.45,18.10,14116630,15755013,-10.39
塑膠工業,1313,聯成,3499966,3156485,3647022,10.88,-4.03,29185678,33466265,-12.79
塑膠工業,1314,中石化,2414307,2726599,1731956,-11.45,39.39,19085037,21480373,-11.15
塑膠工業,1315,達新工業,265971,286951,250520,-7.31,6.16,2230040,2072823,7.58
塑膠工業,1319,東陽,1898005,1950974,1762531,-2.71,7.68,17601999,16334937,7.75
塑膠工業,1321,大洋,361813,413115,347137,-12.41,4.22,3302085,3651171,-9.56
塑膠工業,1323,永裕,279824,266134,257680,5.14,8.59,2349414,2272964,3.36
塑膠工業,1324,地球工業,90397,99112,110016,-8.79,-17.83,909828,970832,-6.28
塑膠工業,1325,恒大,74969,70147,96833,6.87,-22.57,726263,810474,-10.39
塑膠工業,1326,台化,25432717,26534767,25828273,-4.15,-1.53,237013521,250678904,-5.45
塑膠工業,1339,昭輝,200347,196383,195683,2.01,2.38,1723143,1448106,18.99
塑膠工業,1715,萬洲化學,891712,957224,1021621,-6.84,-12.71,8306348,8941610,-7.10
塑膠工業,4306,炎洲,1856833,1967253,1486324,-5.61,24.92,14035019,13392093,4.80
紡織纖維,1402,遠東新,17283161,17983108,17521804,-3.89,-1.36,159458489,160565519,-0.68
紡織纖維,1409,新纖,2728297,2930419,2932187,-6.89,-6.95,25411434,27607535,-7.95
紡織纖維,1410,南染,40621,54357,47588,-25.26,-14.64,454762,476100,-4.48
紡織纖維,1413,宏洲纖維,175256,204154,212372,-14.15,-17.47,1612657,1916974,-15.87
紡織纖維,1414,東和,85769,91930,93035,-6.70,-7.80,741675,848076,-12.54
紡織纖維,1416,廣豐,15184,51052,14512,-70.25,4.63,3496107,1128757,209.73
紡織纖維,1417,嘉裕,199434,248005,294642,-19.58,-32.31,2287755,2635344,-13.18
紡織纖維,1418,東華,112330,98737,144150,13.76,-22.07,1280292,1041939,22.87
紡織纖維,1419,新紡,122262,110161,106974,10.98,14.29,941939,775649,21.43
紡織纖維,1423,利華羊毛,38302,58904,48281,-34.97,-20.66,499065,489214,2.01
紡織纖維,1432,大魯閣,72980,107363,46082,-32.02,58.36,679383,250069,171.67
紡織纖維,1434,福懋興業,3210671,3237872,3479075,-0.84,-7.71,30325459,32892431,-7.80
紡織纖維,1439,中和羊毛,15375,33540,25452,-54.15,-39.59,262001,266426,-1.66
紡織纖維,1440,南紡,1675633,1945355,1779656,-13.86,-5.84,14466217,16672049,-13.23
紡織纖維,1441,大東紡織,124549,131161,171895,-5.04,-27.54,1212555,1411867,-14.11
紡織纖維,1443,立益紡織,108464,119958,112427,-9.58,-3.52,898625,984646,-8.73
紡織纖維,1444,力麗,735091,765388,828452,-3.95,-11.26,7133573,7886032,-9.54
紡織纖維,1445,大宇紡織,116352,141535,150951,-17.79,-22.92,1242508,1384542,-10.25
紡織纖維,1446,宏和,109942,100632,77044,9.25,42.70,789013,634414,24.36
紡織纖維,1447,力鵬,1069477,1339542,1303340,-20.16,-17.94,10392941,13174966,-21.11
紡織纖維,1449,佳和實業,282001,301237,274667,-6.38,2.67,2241511,2181616,2.74
紡織纖維,1451,年興紡織,983006,1116109,1068566,-11.92,-8.00,9848196,9634133,2.22
紡織纖維,1452,宏益,134342,181760,150599,-26.08,-10.79,1458667,1522589,-4.19
紡織纖維,1453,大將,4901,7222,3714,-32.13,31.96,42260,307439,-86.25
紡織纖維,1454,台富,134524,151139,166652,-10.99,-19.27,1374767,1607037,-14.45
紡織纖維,1455,集盛,954490,1119441,1069727,-14.73,-10.77,9438414,11492164,-17.87
紡織纖維,1456,怡華,40875,42761,46596,-4.41,-12.27,342726,432767,-20.80
紡織纖維,1457,宜進,347954,384991,447656,-9.62,-22.27,3441106,3085695,11.51
紡織纖維,1459,聯發紡織,204005,254847,318840,-19.95,-36.01,2140815,2940447,-27.19
紡織纖維,1460,宏遠,878255,807089,781506,8.81,12.37,6408384,6016343,6.51
紡織纖維,1463,強盛染整,33818,43013,41475,-21.37,-18.46,379916,380994,-0.28
紡織纖維,1464,得力實業,631802,626909,727143,0.78,-13.11,5329142,4865809,9.52
紡織纖維,1465,偉全實業,177175,177010,186484,0.09,-4.99,1467984,1790956,-18.03
紡織纖維,1466,聚隆,287036,345661,315327,-16.96,-8.97,2719768,3119843,-12.82
紡織纖維,1467,南緯實業,678249,789863,743371,-14.13,-8.76,5446817,5438876,0.14
紡織纖維,1468,昶和纖維,35261,32497,30205,8.50,16.73,437867,452495,-3.23
紡織纖維,1469,理隆纖維,22016,32361,32123,-31.96,-31.46,271331,341731,-20.60
紡織纖維,1470,大統染,51960,53271,65760,-2.46,-20.98,503524,578005,-12.88
紡織纖維,1472,三洋紡,81142,78285,61412,3.64,32.12,549672,589105,-6.69
紡織纖維,1473,台南企業,816683,935281,813184,-12.68,0.43,7555119,7062763,6.97
紡織纖維,1474,弘裕,239544,252794,272562,-5.24,-12.11,2409244,2588028,-6.90
紡織纖維,1475,本盟光電,11770,9667,16097,21.75,-26.88,138805,167044,-16.90
紡織纖維,1476,儒鴻,2171359,1873283,1927232,15.91,12.66,17679978,18275760,-3.25
紡織纖維,1477,聚陽實業,2420140,1786617,2630421,35.45,-7.99,17075618,17744097,-3.76
紡織纖維,4414,如興,128062,217618,135895,-41.15,-5.76,2089950,1751031,19.35
紡織纖維,4426,利勤實業,251292,219590,220947,14.43,13.73,1930395,1551217,24.44
電機機械,1503,士電,1589436,1930185,1705998,-17.65,-6.83,15549914,14772294,5.26
電機機械,1504,東元電機,4318697,3901197,4106793,10.70,5.15,36626807,36217535,1.13
電機機械,1506,正道,106692,110684,126343,-3.60,-15.55,1159627,1165672,-0.51
電機機械,1507,永大機電,1471991,1581236,2222373,-6.90,-33.76,14753817,17700682,-16.64
電機機械,1512,瑞利,317281,312441,413565,1.54,-23.28,2758579,2637011,4.61
電機機械,1513,中興電,705596,1282623,836663,-44.98,-15.66,8842154,7111218,24.34
電機機械,1514,亞力電機,271604,342496,328100,-20.69,-17.21,3014655,2624853,14.85
電機機械,1515,力山,368198,366370,461082,0.49,-20.14,2758639,2633729,4.74
電機機械,1517,利奇機械,210980,234827,271569,-10.15,-22.31,2129534,2644528,-19.47
電機機械,1519,華城電機,384928,586268,462797,-34.34,-16.82,4366873,3643426,19.85
電機機械,1521,大億,441061,384468,457279,14.71,-3.54,4062544,4300777,-5.53
電機機械,1522,堤維西,1266361,1374429,1235857,-7.86,2.46,11976260,11242484,6.52
電機機械,1524,耿鼎企業,206812,218865,205581,-5.50,0.59,1882719,1798653,4.67
電機機械,1525,江申工業,88025,89518,107897,-1.66,-18.41,883793,909877,-2.86
電機機械,1526,日馳,68997,82791,64568,-16.66,6.85,697361,689332,1.16
電機機械,1527,鑽全,283395,326614,279929,-13.23,1.23,3108698,2607357,19.22
電機機械,1528,恩德,402336,317001,214302,26.91,87.74,2822377,2393386,17.92
電機機械,1529,樂士,28765,3586,2157,702.14,1233.56,170150,61086,178.54
電機機械,1530,亞崴機電,319579,261423,274050,22.24,16.61,2592379,2840736,-8.74
電機機械,1531,高林股,194543,227050,230493,-14.31,-15.59,1881806,1980372,-4.97
電機機械,1532,勤美,1953564,1093752,2179464,78.61,-10.36,11001007,12737008,-13.62
電機機械,1533,車王電,204477,185123,214025,10.45,-4.46,1767171,1857008,-4.83
電機機械,1535,中宇,680967,672668,729302,1.23,-6.62,6285448,7121127,-11.73
電機機械,1536,和大工業,459754,468745,406474,-1.91,13.10,4266933,3859678,10.55
電機機械,1537,廣隆光電,617599,614350,586492,0.52,5.30,5191427,5239105,-0.91
電機機械,1538,正峰新,40730,65223,52390,-37.55,-22.25,505684,592178,-14.60
電機機械,1539,巨庭機械,200329,290495,238769,-31.03,-16.09,2227455,2142801,3.95
電機機械,1540,喬福機械,42508,32038,60656,32.67,-29.91,411918,709331,-41.92
電機機械,1541,錩泰,329806,403671,333711,-18.29,-1.17,2648043,2284333,15.92
電機機械,1558,伸興,560514,580708,682400,-3.47,-17.86,4670743,4617882,1.14
電機機械,1560,中砂,344364,353825,343330,-2.67,0.30,2984672,3099794,-3.71
電機機械,1568,倉佑,253536,226712,204186,11.83,24.16,1977574,1741015,13.58
電機機械,1583,程泰,540114,579926,525458,-6.86,2.78,4638243,5358128,-13.43
電機機械,2049,上銀科技,1388270,1343286,1239296,3.34,12.02,11555779,11719032,-1.39
電機機械,2228,劍麟,373365,403503,372056,-7.46,0.35,3369921,2945691,14.40
電機機械,2231,為升,307102,297635,244500,3.18,25.60,2604959,2085129,24.93
電機機械,2371,大同,6897056,6604053,8644287,4.43,-20.21,64179872,71697873,-10.48
電機機械,3167,大量科技,160131,159836,156224,0.18,2.50,1431226,1520836,-5.89
電機機械,4526,東台,918174,675446,772841,35.93,18.80,6666696,6630638,0.54
電機機械,4532,瑞智精密,1161650,1182372,1119762,-1.75,3.74,13258461,12187773,8.78
電機機械,4551,智伸科,299579,286242,232912,4.65,28.62,2595268,2233984,16.17
電機機械,4555,台灣氣立,81219,100900,121203,-19.50,-32.98,966178,1084999,-10.95
電機機械,6605,帝寶工業,1357439,1272595,1276867,6.66,6.31,11735115,10767017,8.99
電機機械,8222,寶一科技,80030,75670,61756,5.76,29.59,752518,671331,12.09
電機機械,8374,羅昇,282448,365027,262953,-22.62,7.41,2703119,2984698,-9.43
電機機械,8996,高力,219216,220465,204057,-0.56,7.42,2007637,1581848,26.91
電器電纜,1603,華電,265303,244994,208814,8.28,27.05,2251437,2203295,2.18
電器電纜,1604,聲寶,602936,716695,612289,-15.87,-1.52,8056655,7659526,5.18
電器電纜,1605,華新,12357911,11907328,12021829,3.78,2.79,102978464,110938709,-7.17
電器電纜,1608,華榮,599149,633496,563109,-5.42,6.40,5228540,6396760,-18.26
電器電纜,1609,大亞電線,1199105,1270089,1470584,-5.58,-18.46,10568616,11527591,-8.31
電器電纜,1611,中電,203547,214724,209596,-5.20,-2.88,1974496,1995899,-1.07
電器電纜,1612,宏泰,306446,278509,279232,10.03,9.74,2383139,2389081,-0.24
電器電纜,1613,台一,2024039,1976758,2843224,2.39,-28.81,19055124,26339470,-27.65
電器電纜,1614,三洋電,357317,442250,372970,-19.20,-4.19,4417845,4108120,7.53
電器電纜,1615,大山,171195,184211,267763,-7.06,-36.06,1701874,1917311,-11.23
電器電纜,1616,億泰,212756,300164,272733,-29.12,-21.99,2170023,2668781,-18.68
電器電纜,1617,榮星電線,246692,234284,226606,5.29,8.86,1928814,2208516,-12.66
電器電纜,1618,合機公司,82415,198900,91604,-58.56,-10.03,1467456,1389866,5.58
電器電纜,4930,燦星網通,1259432,1258399,1450255,0.08,-13.15,9413114,10429712,-9.74
化學工業,1316,上曜,55731,44151,63288,26.22,-11.94,412743,711886,-42.02
化學工業,1704,榮化,3178693,3507296,3609116,-9.36,-11.92,28979338,26651101,8.73
化學工業,1708,東鹼,342845,357813,381614,-4.18,-10.15,3065230,3550805,-13.67
化學工業,1709,和益化工,570230,664407,604174,-14.17,-5.61,6538590,7298321,-10.40
化學工業,1710,東聯,1855128,1678847,1230654,10.50,50.74,12617065,10485196,20.33
化學工業,1711,永光化學,782350,809947,759001,-3.40,3.07,7093446,7166772,-1.02
化學工業,1712,興農,1414497,1380845,1489859,2.43,-5.05,12356594,13462132,-8.21
化學工業,1713,國化,43480,49784,49460,-12.66,-12.09,440779,521649,-15.50
化學工業,1714,和桐化學,2164885,2363526,2400156,-8.40,-9.80,21620642,30355480,-28.77
化學工業,1717,長興材料,3256259,3285537,3355081,-0.89,-2.94,28293230,28935134,-2.21
化學工業,1718,中纖,2512241,2725385,2566884,-7.82,-2.12,24298214,25774293,-5.72
化學工業,1721,三晃,283155,261972,103971,8.08,172.34,2755909,1071649,157.16
化學工業,1722,台肥,1037543,1075075,1131860,-3.49,-8.33,9214383,12262733,-24.85
化學工業,1723,中碳,402458,437669,434130,-8.04,-7.29,3876566,4572537,-15.22
化學工業,1724,台硝,181657,191597,169370,-5.18,7.25,1573459,1290597,21.91
化學工業,1725,元禎,667016,795470,758309,-16.14,-12.03,6392720,6893936,-7.27
化學工業,1726,永記造漆,583412,636481,561570,-8.33,3.88,5556888,5973609,-6.97
化學工業,1727,中華化學,171487,179080,169034,-4.24,1.45,1504732,1644116,-8.47
化學工業,1730,花仙子,175473,162454,177080,8.01,-0.90,1520739,1422158,6.93
化學工業,1732,毛寶,46114,40812,44785,12.99,2.96,405924,446861,-9.16
化學工業,1735,日勝化,267751,263392,254084,1.65,5.37,2142896,2583981,-17.06
化學工業,1773,勝一化工,513317,521248,554952,-1.52,-7.50,4513337,4940370,-8.64
化學工業,1776,展宇,152915,139259,195630,9.80,-21.83,1380207,1682248,-17.95
化學工業,4720,德淵企業,211106,240612,226990,-12.26,-6.99,1890237,1827508,3.43
化學工業,4722,國精化學,326733,395512,379655,-17.38,-13.93,3446415,3378096,2.02
化學工業,4725,信昌化,849259,882404,697032,-3.75,21.83,7073468,9834532,-28.07
化學工業,4755,三福化工,299683,327548,328952,-8.50,-8.89,2896395,2624419,10.36
生技醫療業,1598,岱宇國際,417770,385566,380232,8.35,9.87,3219200,2901965,10.93
生技醫療業,1701,中化,479246,481575,470096,-0.48,1.94,4394399,4160236,5.62
生技醫療業,1707,葡萄王,833383,769230,611407,8.33,36.30,6651967,5237060,27.01
生技醫療業,1720,生達化學,329764,303178,273037,8.76,20.77,2718866,2405130,13.04
生技醫療業,1729,必翔實業,129128,131047,140540,-1.46,-8.12,1340507,1065165,25.84
生技醫療業,1731,美吾華,123933,115097,112752,7.67,9.91,1061741,1021095,3.98
生技醫療業,1733,五鼎,130936,122282,158012,7.07,-17.13,1394312,1367797,1.93
生技醫療業,1734,杏輝藥品,178367,208173,160363,-14.31,11.22,1540605,1538794,0.11
生技醫療業,1736,喬山健康,1737940,1912127,1652410,-9.10,5.17,13789626,11138402,23.80
生技醫療業,1762,中化合成,89060,111343,107638,-20.01,-17.25,896902,805517,11.34
生技醫療業,1783,和康生技,31774,31224,23557,1.76,34.88,232090,196959,17.83
生技醫療業,1786,科妍,20638,25075,25093,-17.69,-17.75,156283,202780,-22.92
生技醫療業,1789,台灣神隆,335700,319069,339579,5.21,-1.14,3028430,2925100,3.53
生技醫療業,3164,景岳生技,63928,44250,74677,44.47,-14.39,422579,410499,2.94
生技醫療業,3705,永信,496513,525484,475460,-5.51,4.42,4589702,4449775,3.14
生技醫療業,4104,佳醫,490916,550673,495119,-10.85,-0.84,4601940,4603253,-0.02
生技醫療業,4106,雃博,137052,152763,147320,-10.28,-6.96,1464548,1487505,-1.54
生技醫療業,4108,懷特,2430,2400,1807,1.25,34.47,15924,15379,3.54
生技醫療業,4119,旭富製藥,159840,159378,180375,0.28,-11.38,1644764,1461215,12.56
生技醫療業,4133,亞諾法,34991,33726,33536,3.75,4.33,336475,339104,-0.77
生技醫療業,4142,國光生技,123829,5434,82930,2178.78,49.31,310373,164094,89.14
生技醫療業,4164,承業醫,141754,137056,357246,3.42,-60.32,1396972,1626897,-14.13
生技醫療業,4737,華廣,158415,157361,147130,0.66,7.67,1213652,1169035,3.81
生技醫療業,4746,台耀,250903,216312,239059,15.99,4.95,2404572,1726117,39.30
玻璃陶瓷,1802,台玻,3642584,4122106,3599170,-11.63,1.20,31723352,29722124,6.73
玻璃陶瓷,1806,冠軍,465511,418014,548126,11.36,-15.07,3651358,4482850,-18.54
玻璃陶瓷,1809,中釉,178463,205976,226691,-13.35,-21.27,1945672,2133281,-8.79
玻璃陶瓷,1810,和成,530597,493592,426440,7.49,24.42,4256457,4290278,-0.78
玻璃陶瓷,1817,凱撒衛浴,173699,196723,184922,-11.70,-6.06,1601573,1560779,2.61
造紙工業,1902,台紙,348564,331976,433581,4.99,-19.60,3161137,4701620,-32.76
造紙工業,1903,士紙,5634,5703,10907,-1.20,-48.34,50871,185823,-72.62
造紙工業,1904,正隆,3289263,3547804,3576621,-7.28,-8.03,29490325,32367624,-8.88
造紙工業,1905,華紙,1720022,1834952,1842183,-6.26,-6.63,16198910,15543009,4.21
造紙工業,1906,寶隆,130769,139681,32001,-6.38,308.64,919737,244606,276.00
造紙工業,1907,永豐餘,5060545,5323523,5480047,-4.93,-7.65,46405676,47165849,-1.61
造紙工業,1909,榮成,2541006,2610094,2322576,-2.64,9.40,23292488,20406604,14.14
鋼鐵工業,2002,中鋼,23384315,25709655,21124844,-9.04,10.69,210884481,222060055,-5.03
鋼鐵工業,2006,東和鋼鐵,1835483,1967334,2104300,-6.70,-12.77,18906631,23349457,-19.02
鋼鐵工業,2007,燁興公司,533346,601886,558172,-11.38,-4.44,5428867,5492157,-1.15
鋼鐵工業,2008,高興昌,63927,82733,76712,-22.73,-16.66,796939,988685,-19.39
鋼鐵工業,2009,第一伸銅,201488,254000,222721,-20.67,-9.53,1787839,2496782,-28.39
鋼鐵工業,2010,春源鋼鐵,1292095,1294506,1353450,-0.18,-4.53,12690394,12270138,3.42
鋼鐵工業,2012,春雨,726636,750674,696617,-3.20,4.30,6313108,6402272,-1.39
鋼鐵工業,2013,中鋼構,1595553,1772645,1076918,-9.99,48.15,12703941,11140267,14.03
鋼鐵工業,2014,中鴻,2612158,2785362,2301617,-6.21,13.49,23991800,23009541,4.26
鋼鐵工業,2015,豐興鋼鐵,1376231,1800553,1504637,-23.56,-8.53,14930508,17935729,-16.75
鋼鐵工業,2017,官田鋼,336227,368669,329092,-8.79,2.16,3353145,3842146,-12.72
鋼鐵工業,2020,美亞鋼管,350471,414886,328530,-15.52,6.67,3289822,3312652,-0.68
鋼鐵工業,2022,聚亨,566894,624464,691476,-9.21,-18.01,5431962,5945987,-8.64
鋼鐵工業,2023,燁輝,4270695,4926116,4034673,-13.30,5.84,37787766,39492655,-4.31
鋼鐵工業,2024,志聯工業,97064,119105,100478,-18.50,-3.39,1010144,1052530,-4.02
鋼鐵工業,2025,千興,328097,305423,98210,7.42,234.07,2564767,2467162,3.95
鋼鐵工業,2027,大成鋼,3798837,4198914,4139655,-9.52,-8.23,36606702,39300350,-6.85
鋼鐵工業,2028,威致鋼鐵,531527,460248,260143,15.48,104.32,4598290,4521918,1.68
鋼鐵工業,2029,盛餘,1139635,959596,822698,18.76,38.52,9068563,10513356,-13.74
鋼鐵工業,2030,彰源,838524,948965,932446,-11.63,-10.07,7949094,8817453,-9.84
鋼鐵工業,2031,新光鋼,506530,524694,465549,-3.46,8.80,4529699,5191063,-12.74
鋼鐵工業,2032,新鋼工業,195676,227009,242538,-13.80,-19.32,2027501,2292348,-11.55
鋼鐵工業,2033,佳大世界,56145,71245,61061,-21.19,-8.05,595628,548604,8.57
鋼鐵工業,2034,允強,1452401,1647385,1310929,-11.83,10.79,12901623,14486442,-10.94
鋼鐵工業,2038,海光企業,364576,455450,514294,-19.95,-29.11,3509728,6421565,-45.34
鋼鐵工業,2069,運錩,637538,650424,621062,-1.98,2.65,5264705,5823765,-9.59
鋼鐵工業,3004,豐達科技,143897,143986,124159,-0.06,15.89,1226643,1099452,11.56
鋼鐵工業,5007,三星科技,585609,609266,556864,-3.88,5.16,5200812,5157522,0.83
鋼鐵工業,9958,世紀鋼構,150981,155008,256634,-2.59,-41.16,1718600,2104509,-18.33
橡膠工業,2101,南港輪胎,747556,842905,781896,-11.31,-4.39,7801593,8418743,-7.33
橡膠工業,2102,泰豐輪胎,360563,349289,570982,3.22,-36.85,4068485,5792409,-29.76
橡膠工業,2103,台橡,2246633,2133368,2184969,5.30,2.82,19760658,19679088,0.41
橡膠工業,2104,中橡,1338289,1394839,1370277,-4.05,-2.33,11830835,13152328,-10.04
橡膠工業,2105,正新,9980255,9730918,10037282,2.56,-0.56,89666884,89280561,0.43
橡膠工業,2106,建大,2368850,2380243,2622986,-0.47,-9.68,22302214,23993047,-7.04
橡膠工業,2107,厚生,163402,110883,113402,47.36,44.09,1138638,1668911,-31.77
橡膠工業,2108,南帝化工,799631,791342,908208,1.04,-11.95,6903133,7342371,-5.98
橡膠工業,2109,華豐橡膠,465441,525579,496233,-11.44,-6.20,4612156,5038315,-8.45
橡膠工業,2114,鑫永銓,133980,133733,145077,0.18,-7.64,1166202,1408729,-17.21
汽車工業,2201,裕隆汽車,9387933,8510353,9531478,10.31,-1.50,84270473,87773914,-3.99
汽車工業,2204,中華汽車,3623799,2744141,2541352,32.05,42.59,31560243,28492053,10.76
汽車工業,2206,三陽工業,2653973,2671079,3547160,-0.64,-25.18,24485105,26568145,-7.84
汽車工業,2207,和泰汽車,13006216,10960810,9783882,18.66,32.93,128015117,119012461,7.56
汽車工業,2227,裕隆日產,2400958,2247759,2195127,6.81,9.37,27239085,26591143,2.43
半導體業,1437,勤益投控,45292,41129,62003,10.12,-26.95,437538,618861,-29.29
半導體業,2302,麗正,43268,44332,52113,-2.40,-16.97,402134,376918,6.69
半導體業,2303,聯電,12735087,12933096,10425056,-1.53,22.15,109564185,110981039,-1.27
半導體業,2311,日月光,27280973,23915736,28281210,14.07,-3.53,197755474,207754374,-4.81
半導體業,2325,矽品,7207156,7432746,6964198,-3.03,3.48,62934405,62074982,1.38
半導體業,2329,華泰電子,1185003,1319748,1257291,-10.20,-5.74,12031175,11675556,3.04
半導體業,2330,台積電,89702807,94311424,64514083,-4.88,39.04,685711092,639978805,7.14
半導體業,2337,旺宏,2832518,2112486,1897848,34.08,49.24,17359126,15328703,13.24
半導體業,2338,光罩,96730,102050,101272,-5.21,-4.48,915677,1126652,-18.72
半導體業,2342,茂矽,133306,136343,95549,-2.22,39.51,1070611,1124625,-4.80
半導體業,2344,華邦電,3631663,3574056,3222822,1.61,12.68,31316548,28509882,9.84
半導體業,2351,順德,778094,767524,707213,1.37,10.02,6568611,6723260,-2.30
半導體業,2363,矽統科技,11731,15021,23343,-21.90,-49.74,127440,165678,-23.07
半導體業,2369,菱生,451738,512461,451240,-11.84,0.11,4154985,4125332,0.71
半導體業,2379,瑞昱,3650291,3461014,3039378,5.46,20.09,29113351,22505583,29.36
半導體業,2388,威盛電子,411773,331782,442165,24.10,-6.87,3513274,3391236,3.59
半導體業,2401,凌陽科技,615833,609717,763183,1.00,-19.30,5762699,6413118,-10.14
半導體業,2408,南亞科,3496357,3455658,3212782,1.17,8.82,29534545,33521039,-11.89
半導體業,2434,統懋,21661,19788,19759,9.46,9.62,162074,159965,1.31
半導體業,2436,偉詮電,194892,200328,169384,-2.71,15.05,1518148,1303210,16.49
半導體業,2441,超豐電子,962116,901272,770717,6.75,24.83,7716421,7023977,9.85
半導體業,2449,京元電子,1805464,1821812,1463497,-0.89,23.36,14847123,12835555,15.67
半導體業,2451,創見資訊,1861115,1794431,2093653,3.71,-11.10,16405103,18244298,-10.08
半導體業,2454,聯發科,27714331,25870296,20040638,7.12,38.29,206836288,151542321,36.48
半導體業,2458,義隆,666441,692240,632184,-3.72,5.41,4911364,4886084,0.51
半導體業,2481,強茂,1007695,1025084,1211766,-1.69,-16.84,9633568,11557846,-16.64
半導體業,3006,晶豪科技,807745,833691,758095,-3.11,6.54,6581609,6852576,-3.95
半導體業,3014,聯陽,313724,299648,303841,4.69,3.25,2370968,2297031,3.21
半導體業,3016,嘉晶,222781,235266,82830,-5.30,168.96,2114016,652844,223.81
半導體業,3034,聯詠,4111217,4094737,4268164,0.40,-3.67,34431460,38238215,-9.95
半導體業,3035,智原,468865,560259,534896,-16.31,-12.34,4897293,4951805,-1.10
半導體業,3041,揚智,263804,272745,349512,-3.27,-24.52,2569250,2520685,1.92
半導體業,3054,立萬利,40555,36075,63377,12.41,-36.00,157509,725987,-78.30
半導體業,3094,聯傑國際,25250,26029,24147,-2.99,4.56,234952,238630,-1.54
半導體業,3189,景碩科技,2088660,2198948,2235391,-5.01,-6.56,17477475,16766699,4.23
半導體業,3257,虹冠電,71251,68999,68068,3.26,4.67,624067,617948,0.99
半導體業,3413,京鼎,670009,733273,494017,-8.62,35.62,5707767,3577892,59.52
半導體業,3443,創意電子,889693,920650,690880,-3.36,28.77,6526519,5770228,13.10
半導體業,3474,華亞科,5470177,4036260,4548201,35.52,20.27,36327452,49188726,-26.14
半導體業,3519,綠能,715004,645157,1316954,10.82,-45.70,12619023,11229870,12.37
半導體業,3532,台勝科,917674,952804,814562,-3.68,12.65,7985738,8124942,-1.71
半導體業,3536,誠創科技,96965,87952,105148,10.24,-7.78,758338,910890,-16.74
半導體業,3545,敦泰,913375,1041236,1007381,-12.27,-9.33,8324695,8531331,-2.42
半導體業,3559,全智科,131786,131125,140489,0.50,-6.19,1141531,1122244,1.71
半導體業,3579,尚志,743155,665679,1331398,11.63,-44.18,12864284,11487282,11.98
半導體業,3583,辛耘,342400,236604,296721,44.71,15.39,2612227,2127824,22.76
半導體業,3588,通嘉,132200,126193,92259,4.76,43.29,920987,773832,19.01
半導體業,3686,達能,41663,86500,133787,-51.83,-68.85,1198113,1152106,3.99
半導體業,4919,新唐科技,711838,699577,618723,1.75,15.04,6224501,5543008,12.29
半導體業,4952,凌通科技,253164,262689,272083,-3.62,-6.95,2594333,2392345,8.44
半導體業,4968,立積,192133,183043,158013,4.96,21.59,1556790,1255649,23.98
半導體業,5269,祥碩科技,276555,208447,177188,32.67,56.07,1417681,1116802,26.94
半導體業,5285,界霖,187965,194215,209094,-3.21,-10.10,1642830,1762118,-6.76
半導體業,5305,敦南科技,944896,920618,838958,2.63,12.62,7846174,6960649,12.72
半導體業,5471,松翰科技,275844,276622,255956,-0.28,7.77,2389487,2494974,-4.22
半導體業,6202,盛群,370360,351831,333745,5.26,10.97,3072866,2928263,4.93
半導體業,6239,力成,4374070,4242616,3710781,3.09,17.87,34693451,30430434,14.00
半導體業,6243,迅杰,49032,56589,56055,-13.35,-12.52,372918,342748,8.80
半導體業,6257,矽格,544134,535555,426041,1.60,27.71,4233672,3773488,12.19
半導體業,6271,同欣電子,688787,710508,678133,-3.05,1.57,6036354,5877503,2.70
半導體業,6531,愛普,280719,217166,241637,29.26,16.17,1904198,1729014,10.13
半導體業,8016,矽創電子,1082464,981682,891903,10.26,21.36,7566489,6655427,13.68
半導體業,8081,致新,346552,325408,314201,6.49,10.29,2663985,2593892,2.70
半導體業,8110,華東,770432,754199,700756,2.15,9.94,6136408,5783749,6.09
半導體業,8131,福懋科技,709048,708311,729115,0.10,-2.75,6410042,6500691,-1.39
半導體業,8150,南茂科技,1687103,1706560,1602601,-1.14,5.27,14466828,15114363,-4.28
半導體業,8261,富鼎,168273,163445,132747,2.95,26.76,1217475,1196931,1.71
半導體業,8271,宇瞻科技,538165,590593,528251,-8.87,1.87,4855487,5736151,-15.35
電腦及週邊設備業,2301,光寶科技,22257257,21053273,20595148,5.71,8.07,166267119,159182927,4.45
電腦及週邊設備業,2305,全友電腦,51990,60638,75503,-14.26,-31.14,532437,584477,-8.90
電腦及週邊設備業,2324,仁寶電腦,76347414,64598508,91546877,18.18,-16.60,547449058,613062300,-10.70
電腦及週邊設備業,2331,精英,2962398,3080678,5655231,-3.83,-47.61,22029946,38383825,-42.60
電腦及週邊設備業,2352,佳世達,10997059,10701574,11952805,2.76,-7.99,95270219,98888769,-3.65
電腦及週邊設備業,2353,宏碁,22531304,18973994,29445011,18.74,-23.48,171070410,195477026,-12.48
電腦及週邊設備業,2356,英業達,39057642,37775130,40504343,3.39,-3.57,315348353,285418432,10.48
電腦及週邊設備業,2357,華碩,44614050,39857570,43940657,11.93,1.53,340408924,339612346,0.23
電腦及週邊設備業,2358,廷鑫,149337,202471,117504,-26.24,27.09,1218045,1081755,12.59
電腦及週邊設備業,2362,藍天,1928137,1520624,1968779,26.79,-2.06,13994942,13829495,1.19
電腦及週邊設備業,2364,倫飛電腦,59233,54751,64375,8.18,-7.98,672098,531417,26.47
電腦及週邊設備業,2365,昆盈企業,326197,259705,518413,25.60,-37.07,2700324,4504129,-40.04
電腦及週邊設備業,2376,技嘉,5243795,5003650,5011980,4.79,4.62,39990052,38607020,3.58
電腦及週邊設備業,2377,微星科技,10983686,10223524,8595621,7.43,27.78,75646244,61208644,23.58
電腦及週邊設備業,2380,虹光精密,195871,212650,208967,-7.89,-6.26,1679211,1872056,-10.30
電腦及週邊設備業,2382,廣達,78591591,72929361,101329571,7.76,-22.43,628737052,732099688,-14.11
電腦及週邊設備業,2387,精元電腦,1288931,1383227,1694194,-6.81,-23.92,10378796,12096456,-14.19
電腦及週邊設備業,2395,研華,3543313,3580854,3212024,-1.04,10.31,31197243,28249414,10.43
電腦及週邊設備業,2397,友通資訊,295378,301998,255956,-2.19,15.40,2922941,2348453,24.46
電腦及週邊設備業,2399,映泰,278131,253621,312686,9.66,-11.05,2262986,2300751,-1.64
電腦及週邊設備業,2405,浩鑫,414086,415417,610274,-0.32,-32.14,3368502,3872234,-13.00
電腦及週邊設備業,2417,圓剛,242111,214565,188563,12.83,28.39,1885625,1686228,11.82
電腦及週邊設備業,2424,隴華電子,31,13,161,138.46,-80.74,2296,2503,-8.27
電腦及週邊設備業,2425,承啟,511510,573808,620644,-10.85,-17.58,4970744,5427367,-8.41
電腦及週邊設備業,2442,新美齊,198436,110712,116502,79.23,70.32,1335914,910410,46.73
電腦及週邊設備業,2465,麗臺科技,230116,251527,199238,-8.51,15.49,2033361,1709688,18.93
電腦及週邊設備業,3002,歐格電子,35389,35607,43028,-0.61,-17.75,306956,359399,-14.59
電腦及週邊設備業,3005,神基科技,2104237,1779965,1560016,18.21,34.88,14377956,13250835,8.50
電腦及週邊設備業,3013,晟銘電子,428048,439992,281461,-2.71,52.08,3004314,2369253,26.80
電腦及週邊設備業,3017,奇鋐科技,2352764,2208400,2394747,6.53,-1.75,19312249,18946901,1.92
電腦及週邊設備業,3022,威強電,780242,573609,531667,36.02,46.75,5099283,5278738,-3.39
電腦及週邊設備業,3046,建碁,92230,128296,141468,-28.11,-34.80,872152,1093754,-20.26
電腦及週邊設備業,3057,喬鼎資訊,238783,246439,234499,-3.10,1.82,1938114,2179544,-11.07
電腦及週邊設備業,3060,銘異,682881,727216,742198,-6.09,-7.99,6159134,5784478,6.47
電腦及週邊設備業,3231,緯創,62517259,58481376,60773336,6.90,2.86,449860980,449194178,0.14
電腦及週邊設備業,3416,融程電訊,91764,101727,109931,-9.79,-16.52,985564,1067215,-7.65
電腦及週邊設備業,3494,誠研科技,126590,150329,131021,-15.79,-3.38,1325210,1311397,1.05
電腦及週邊設備業,3515,華擎,622272,548417,706272,13.46,-11.89,5206536,5206711,-0.00
電腦及週邊設備業,3701,大眾投控,1348662,1489688,1067105,-9.46,26.38,10078774,9551193,5.52
電腦及週邊設備業,3706,神達,4022508,4904432,3768597,-17.98,6.73,33404700,40257393,-17.02
電腦及週邊設備業,4915,致伸,6103583,6390525,6163391,-4.49,-0.97,46794012,43804562,6.82
電腦及週邊設備業,4916,事欣科,252547,212974,142105,18.58,77.71,1789016,1061273,68.57
電腦及週邊設備業,4938,和碩,151034422,82608165,166083357,82.83,-9.06,797572496,801288270,-0.46
電腦及週邊設備業,6117,迎廣科技,206385,234521,192979,-11.99,6.94,1723748,1495176,15.28
電腦及週邊設備業,6128,上福全球,162398,149371,157045,8.72,3.40,1461439,1449701,0.80
電腦及週邊設備業,6166,凌華科技,741248,801530,746959,-7.52,-0.76,6713371,6911029,-2.86
電腦及週邊設備業,6172,互億科技,34707,32287,20136,7.49,72.36,270454,194984,38.70
電腦及週邊設備業,6206,飛捷,438950,502571,405430,-12.65,8.26,4215410,3845938,9.60
電腦及週邊設備業,6230,超眾,655765,621840,574783,5.45,14.08,5410133,4279300,26.42
電腦及週邊設備業,6235,華孚科技,193909,186297,155426,4.08,24.75,1607222,1231432,30.51
電腦及週邊設備業,6277,宏正科,403846,433110,443028,-6.75,-8.84,3696226,3585455,3.08
電腦及週邊設備業,6414,樺漢科技,1366915,1254604,1031591,8.95,32.50,10513942,7797538,34.83
電腦及週邊設備業,8114,振樺電子,414038,256400,272545,61.48,51.91,2453868,2217952,10.63
電腦及週邊設備業,8163,達方電子,1777452,1751332,1658152,1.49,7.19,13937675,14876251,-6.30
電腦及週邊設備業,8210,勤誠興業,438867,399691,368062,9.80,19.23,3869421,3169486,22.08
電腦及週邊設備業,9912,偉聯,64334,60689,69147,6.00,-6.96,570504,495676,15.09
光電業,2323,中環,970391,911393,1073373,6.47,-9.59,8630452,10095667,-14.51
光電業,2340,光磊,499888,486661,435376,2.71,14.81,4232830,4135016,2.36
光電業,2349,錸德科技,851578,828388,916911,2.79,-7.12,8015599,8195898,-2.19
光電業,2374,佳能,787087,779878,1802144,0.92,-56.32,7982245,14561282,-45.18
光電業,2393,億光電子,2565428,2741550,2491713,-6.42,2.95,21672347,21379294,1.37
光電業,2406,國碩科技,943242,1018148,1842896,-7.35,-48.81,14196503,12926476,9.82
光電業,2409,友達,30222682,28953609,31414112,4.38,-3.79,237243454,276904405,-14.32
光電業,2426,鼎元,291852,274167,301226,6.45,-3.11,2335180,2730085,-14.46
光電業,2438,翔耀實業,39571,44266,59710,-10.60,-33.72,325458,433973,-25.00
光電業,2448,晶電,2195538,2215858,2146996,-0.91,2.26,19205066,19592754,-1.97
光電業,2466,冠西電,219647,280228,97834,-21.61,124.50,1464117,935862,56.44
光電業,2475,華映,3743555,3440139,3959824,8.81,-5.46,29470424,36193722,-18.57
光電業,2486,一詮精密,418739,447990,514682,-6.52,-18.64,3748744,4930104,-23.96
光電業,2489,瑞軒,2437821,1780429,2313324,36.92,5.38,17272971,13499938,27.94
光電業,2491,吉祥全,19332,26655,21575,-27.47,-10.39,247067,304447,-18.84
光電業,2499,東貝光電,700387,706326,550325,-0.84,27.26,6165533,6093789,1.17
光電業,3008,大立光,4953553,4820546,5515693,2.75,-10.19,32629428,40428452,-19.29
光電業,3019,亞洲光學,1705632,1800663,1692315,-5.27,0.78,13574903,13821827,-1.78
光電業,3024,憶聲電子,230070,255470,402460,-9.94,-42.83,2746110,3982140,-31.03
光電業,3031,佰鴻工業,196054,205143,157408,-4.43,24.55,1653858,1540763,7.34
光電業,3038,全台,275045,263723,309846,4.29,-11.23,2492821,2692027,-7.39
光電業,3049,和鑫,288455,299861,361928,-3.80,-20.30,1814668,3153852,-42.46
光電業,3050,鈺德科技,101929,86295,76530,18.11,33.18,715883,712574,0.46
光電業,3051,力特光電,185124,202225,305520,-8.45,-39.40,2019033,2701348,-25.25
光電業,3059,華晶科技,1178657,860374,1200760,36.99,-1.84,8138234,9399545,-13.41
光電業,3149,正達國際,234397,240518,592970,-2.54,-60.47,1821258,3999023,-54.45
光電業,3356,奇偶科技,153343,168271,173773,-8.87,-11.75,1459513,1586174,-7.98
光電業,3383,新世紀,118298,124398,164816,-4.90,-28.22,1065718,2121813,-49.77
光電業,3406,玉晶光,738636,721319,969713,2.40,-23.82,4849717,6333355,-23.42
光電業,3437,榮創,645823,597069,545365,8.16,18.42,4359878,4667806,-6.59
光電業,3454,晶睿,380011,392996,358646,-3.30,5.95,3594331,3106351,15.70
光電業,3481,群創光電,26601168,25061906,31295393,6.14,-14.99,197706911,282669377,-30.05
光電業,3504,揚明光學,295117,355636,423976,-17.01,-30.39,2945319,3298259,-10.70
光電業,3514,昱晶能源,716277,604132,1386925,18.56,-48.35,11674351,11326435,3.07
光電業,3535,晶彩科,69729,89388,49676,-21.99,40.36,833040,619625,34.44
光電業,3557,嘉威光電,37482,53355,63934,-29.74,-41.37,387827,544892,-28.82
光電業,3561,昇陽光電,449335,582362,952276,-22.84,-52.81,7879220,7092374,11.09
光電業,3576,新日光,1038385,632496,1893044,64.17,-45.14,13388533,15203619,-11.93
光電業,3591,艾笛森,260600,310965,251212,-16.19,3.73,2601205,2683696,-3.07
光電業,3622,洋華,90160,139448,146714,-35.34,-38.54,1158520,1817688,-36.26
光電業,3669,圓展,196116,172041,136335,13.99,43.84,1445179,1236625,16.86
光電業,3698,隆達,1238209,1181937,1274155,4.76,-2.82,10455556,10619607,-1.54
光電業,4934,太極能源,350665,348148,854400,0.72,-58.95,5919556,5219011,13.42
光電業,4942,嘉彰,507226,514636,622841,-1.43,-18.56,4577488,5320158,-13.95
光電業,4956,光鋐,104113,114055,92269,-8.71,12.83,947573,1122495,-15.58
光電業,4960,奇美材料,877658,923565,1029098,-4.97,-14.71,7678224,9573083,-19.79
光電業,4976,佳凌,124930,144253,135390,-13.39,-7.72,1060787,1042455,1.75
光電業,5234,達興材料,323015,331689,274911,-2.61,17.49,2677698,2530831,5.80
光電業,5259,清惠,22975,21416,29994,7.27,-23.40,226465,673660,-66.38
光電業,5484,慧友電子,102903,97172,97325,5.89,5.73,912258,881017,3.54
光電業,6116,彩晶,2868125,2273355,1262865,26.16,127.11,14581370,13409749,8.73
光電業,6120,達運,2801319,2911479,3704048,-3.78,-24.37,24658932,30715713,-19.71
光電業,6131,悠克國際,9692,20460,16783,-52.62,-42.25,107644,181700,-40.75
光電業,6164,華興電子,114723,122859,155767,-6.62,-26.34,1140373,1284342,-11.20
光電業,6168,宏齊科技,205915,230093,347158,-10.50,-40.68,2090907,3306508,-36.76
光電業,6176,瑞儀光電,3956867,3572564,6871208,10.75,-42.41,32055701,34231633,-6.35
光電業,6209,今國光學,412357,373280,388141,10.46,6.23,3015336,3128631,-3.62
光電業,6225,天瀚,66,2699,4493,-97.55,-98.53,18536,76279,-75.69
光電業,6226,光鼎電子,88034,64211,90860,37.10,-3.11,725669,858580,-15.48
光電業,6278,台表科,2802681,2765449,2739025,1.34,2.32,21573778,22243424,-3.01
光電業,6289,華上光電,16068,14478,10126,10.98,58.68,121102,91437,32.44
光電業,6405,悅城科技,50323,90833,126982,-44.59,-60.36,628093,964021,-34.84
光電業,6443,元晶,552091,577184,593083,-4.34,-6.91,5937256,5207145,14.02
光電業,6477,安集,46871,22401,128885,109.23,-63.63,629311,858222,-26.67
光電業,8072,陞泰,128996,129254,136420,-0.19,-5.44,1095533,1267380,-13.55
光電業,8105,凌巨,973814,1032618,881539,-5.69,10.46,8638559,8133602,6.20
光電業,8215,明基材料,1076157,1097899,1216139,-1.98,-11.51,9539849,11142736,-14.38
通信網路業,2314,台揚科技,644812,646694,542254,-0.29,18.91,5717194,4349094,31.45
通信網路業,2321,東訊,257853,281526,467789,-8.40,-44.87,2923899,3069826,-4.75
通信網路業,2332,友訊科技,2019873,1753820,2321100,15.16,-12.97,17057994,20082521,-15.06
通信網路業,2345,智邦科技,2655794,2496336,2272450,6.38,16.86,20939598,17620410,18.83
通信網路業,2412,中華電,20154127,19694230,18712301,2.33,7.70,171657564,169571048,1.23
通信網路業,2419,仲琦,632916,818352,542858,-22.65,16.58,6081068,5758620,5.59
通信網路業,2439,美律,1756453,1681828,1350015,4.43,30.10,10881836,8631494,26.07
通信網路業,2444,友旺科技,135928,149784,128730,-9.25,5.59,1184547,1204892,-1.68
通信網路業,2450,神腦,3101557,3523050,2652338,-11.96,16.93,25459436,26286415,-3.14
通信網路業,2455,全新,134240,161289,187025,-16.77,-28.22,1748123,1764749,-0.94
通信網路業,2485,兆赫電子,898503,1049749,923455,-14.40,-2.70,10778911,7630804,41.25
通信網路業,2496,卓越成功,16094,7591,14893,112.01,8.06,127318,89252,42.65
通信網路業,2498,宏達電,9331938,6579394,7104607,41.83,31.35,55913440,95936081,-41.71
通信網路業,3025,星通,42745,46418,25984,-7.91,64.50,373648,329987,13.23
通信網路業,3027,盛達電業,121141,134415,171555,-9.87,-29.38,1271546,994480,27.86
通信網路業,3045,台灣大,9499141,9564220,8947731,-0.68,6.16,86089448,85610324,0.55
通信網路業,3047,訊舟科技,414665,416290,475495,-0.39,-12.79,3738253,4252954,-12.10
通信網路業,3062,建漢科技,749402,772063,853713,-2.93,-12.21,7825808,11671315,-32.94
通信網路業,3311,閎暉,201695,209524,319723,-3.73,-36.91,1844288,2618981,-29.57
通信網路業,3380,明泰科技,1854116,1612970,2214416,14.95,-16.27,16695203,17625591,-5.27
通信網路業,3419,譁裕實業,271516,238675,211127,13.75,28.60,1811366,1563327,15.86
通信網路業,3596,智易科技,1840551,2050749,1911468,-10.24,-3.71,18457139,14375901,28.38
通信網路業,3682,亞太電信,1194063,1160729,1167654,2.87,2.26,10249276,11151290,-8.08
通信網路業,3694,海華科技,681261,604617,788930,12.67,-13.64,4759165,4491313,5.96
通信網路業,3704,合勤控,1765303,1521290,1945594,16.03,-9.26,17183316,15611592,10.06
通信網路業,4904,遠傳,7991815,7762987,7582791,2.94,5.39,70205239,71404573,-1.67
通信網路業,4906,正文,1335466,1250434,1301296,6.80,2.62,10895600,13645165,-20.15
通信網路業,5388,中磊電子,3156280,3212472,3393442,-1.74,-6.98,27559501,25324452,8.82
通信網路業,6136,富爾特,52970,62409,68058,-15.12,-22.16,570886,559880,1.96
通信網路業,6142,友勁科技,332465,328217,425332,1.29,-21.83,2720502,3325154,-18.18
通信網路業,6152,百一電子,845019,742751,647769,13.76,30.45,6427169,5916501,8.63
通信網路業,6216,居易,94229,79833,88226,18.03,6.80,861598,872037,-1.19
通信網路業,6283,淳安電子,72872,99660,77340,-26.87,-5.77,653326,660739,-1.12
通信網路業,6285,啟碁科技,4696445,4670304,4862849,0.55,-3.42,39850580,37818709,5.37
通信網路業,6442,光聖,303340,419652,349404,-27.71,-13.18,3405735,3150012,8.11
通信網路業,8011,台通,182907,172745,111625,5.88,63.85,1260168,1138113,10.72
通信網路業,8101,華冠通訊,1831946,1826913,2603628,0.27,-29.63,15329678,15664301,-2.13
電子零組件業,1471,首利,133656,97082,159729,37.67,-16.32,906944,1397314,-35.09
電子零組件業,1582,信錦,876461,872559,948441,0.44,-7.58,6928355,7135959,-2.90
電子零組件業,2059,川湖,349493,400220,350462,-12.67,-0.27,3216622,3370462,-4.56
電子零組件業,2308,台達電,19614120,18737411,19677383,4.67,-0.32,157341196,147843416,6.42
電子零組件業,2313,華通,4672767,4290064,4670261,8.92,0.05,31300436,30642708,2.14
電子零組件業,2316,楠梓電,357821,434328,431260,-17.61,-17.02,3496310,4783334,-26.90
電子零組件業,2327,國巨,2587594,2540110,2483793,1.86,4.17,22428377,20977692,6.91
電子零組件業,2328,廣宇,1700512,1605971,2187852,5.88,-22.27,12580103,13730938,-8.38
電子零組件業,2355,敬鵬,1853826,1987957,1974058,-6.74,-6.09,17955339,16956581,5.89
電子零組件業,2367,燿華,1224892,1222623,1262445,0.18,-2.97,8819895,10046026,-12.20
電子零組件業,2368,金像電,1626575,1830794,1652466,-11.15,-1.56,14288493,14482963,-1.34
電子零組件業,2375,智寶,286731,294878,136413,-2.76,110.19,1817053,1077299,68.66
電子零組件業,2383,台光電子,2096305,2127988,2100558,-1.48,-0.20,16192347,15843611,2.20
電子零組件業,2385,群光電子,7699548,7055487,7517760,9.12,2.41,55861419,59298524,-5.79
電子零組件業,2392,正崴,10499921,8538435,12485098,22.97,-15.90,63090345,75123226,-16.01
電子零組件業,2402,毅嘉科技,564738,507201,636571,11.34,-11.28,4438623,5720368,-22.40
電子零組件業,2413,環科,305352,372774,350607,-18.08,-12.90,3104378,3283039,-5.44
電子零組件業,2415,錩新,204514,225424,180784,-9.27,13.12,1765447,1584872,11.39
電子零組件業,2420,新巨,243984,262608,276453,-7.09,-11.74,2329353,2465473,-5.52
電子零組件業,2421,建準電機,979551,956687,1009200,2.38,-2.93,7621128,7466077,2.07
電子零組件業,2428,興勤電子,476850,469624,473639,1.53,0.67,3949778,3790662,4.19
電子零組件業,2429,銘旺科,80589,82643,63107,-2.48,27.70,754543,548053,37.67
電子零組件業,2431,聯昌電子,287738,285583,310988,0.75,-7.47,2295819,2860320,-19.73
電子零組件業,2437,旺詮,359766,388592,357800,-7.41,0.54,3081197,3077774,0.11
電子零組件業,2440,太空梭,196842,205493,197795,-4.20,-0.48,1648840,1833093,-10.05
電子零組件業,2443,新利虹,56175,53607,35857,4.79,56.66,408724,332612,22.88
電子零組件業,2456,奇力新,524898,509027,412863,3.11,27.13,3983682,3576344,11.38
電子零組件業,2457,飛宏科技,1029704,1001041,1067781,2.86,-3.56,8021532,8077641,-0.69
電子零組件業,2460,建通精密,320346,332654,343336,-3.69,-6.69,2633912,2782916,-5.35
電子零組件業,2462,良得電,409711,393523,360141,4.11,13.76,3047108,3092364,-1.46
電子零組件業,2467,志聖工業,365940,301461,284683,21.38,28.54,2785485,2473514,12.61
電子零組件業,2472,立隆電子,522775,535292,448001,-2.33,16.69,4486290,4374492,2.55
電子零組件業,2476,鉅祥,459344,462768,418854,-0.73,9.66,3654827,3556600,2.76
電子零組件業,2478,大毅,332996,355318,332911,-6.28,0.02,2827334,2906744,-2.73
電子零組件業,2483,百容,127417,138804,128978,-8.20,-1.21,1212378,1177594,2.95
電子零組件業,2484,希華,286518,255895,250171,11.96,14.52,2217117,2120472,4.55
電子零組件業,2492,華新科,1703364,1665384,1503088,2.28,13.32,13754637,11856624,16.00
電子零組件業,2493,揚博科技,175123,183338,191609,-4.48,-8.60,1767710,1677816,5.35
電子零組件業,3003,健和興,243486,256778,236423,-5.17,2.98,2200568,2232640,-1.43
電子零組件業,3011,今皓,100222,133185,186430,-24.74,-46.24,1446082,1549455,-6.67
電子零組件業,3015,全漢,1400006,1262371,1220109,10.90,14.74,11619013,10255708,13.29
電子零組件業,3021,鴻名企業,170183,174042,160307,-2.21,6.16,1409713,1311403,7.49
電子零組件業,3023,信邦電子,1102747,1088207,1085092,1.33,1.62,10094093,9371707,7.70
電子零組件業,3026,禾伸堂,1191473,1217410,1152806,-2.13,3.35,9718355,10298038,-5.62
電子零組件業,3032,偉訓科技,676255,628661,440964,7.57,53.35,4039287,2544854,58.72
電子零組件業,3037,欣興電子,5366258,5383078,6532638,-0.31,-17.85,46183240,47062347,-1.86
電子零組件業,3042,晶技,942235,862027,873727,9.30,7.84,6993253,6771344,3.27
電子零組件業,3044,健鼎科技,3915325,3923320,4149648,-0.20,-5.64,32226845,32170467,0.17
電子零組件業,3058,立德電子,426751,426259,438201,0.11,-2.61,3848678,3968004,-3.00
電子零組件業,3090,日電貿,825071,784529,717890,5.16,14.93,6302384,6175185,2.05
電子零組件業,3229,晟鈦,32454,35490,49120,-8.55,-33.92,391231,594172,-34.15
電子零組件業,3296,勝德國際,293156,271320,297632,8.04,-1.50,2051300,1907225,7.55
電子零組件業,3308,聯德電子,107953,91037,97238,18.58,11.01,844845,1143285,-26.10
電子零組件業,3321,同泰電子,213259,223214,230176,-4.45,-7.34,1817415,2564561,-29.13
電子零組件業,3338,泰碩電子,274543,274506,262277,0.01,4.67,2078325,1817160,14.37
電子零組件業,3376,新日興,770050,738734,749417,4.23,2.75,5710030,6026919,-5.25
電子零組件業,3432,台端,35359,37827,67112,-6.52,-47.31,338762,580817,-41.67
電子零組件業,3501,維熹科技,445460,435812,498258,2.21,-10.59,3753747,4119592,-8.88
電子零組件業,3533,嘉澤端子,844173,855120,758749,-1.28,11.25,6401362,5940431,7.75
電子零組件業,3550,聯穎,289114,308401,303355,-6.25,-4.69,2480779,2646771,-6.27
電子零組件業,3593,力銘,69611,69375,76493,0.34,-8.99,552044,496877,11.10
電子零組件業,3605,宏致,514520,466563,353172,10.27,45.68,3808537,2659210,43.22
電子零組件業,3607,谷崧,587597,534781,896722,9.87,-34.47,4494269,7333219,-38.71
電子零組件業,3645,達邁,175666,203048,136408,-13.48,28.77,1285337,1133002,13.44
電子零組件業,3653,健策,282654,284363,268864,-0.60,5.12,2516296,2507827,0.33
電子零組件業,3679,新至陞,379272,402271,429807,-5.71,-11.75,3033870,3192814,-4.97
電子零組件業,4545,銘鈺,240086,211725,433892,13.39,-44.66,1930209,2562424,-24.67
電子零組件業,4999,鑫禾,291451,240003,232534,21.43,25.33,1741807,1534395,13.51
電子零組件業,5469,瀚宇博德,3726448,3509675,3648990,6.17,2.12,29478400,29817263,-1.13
電子零組件業,6108,競國實業,739023,796144,707849,-7.17,4.40,6430583,5769662,11.45
電子零組件業,6115,鎰勝,621133,639828,619666,-2.92,0.23,5207442,5289329,-1.54
電子零組件業,6133,金橋科技,108212,96330,95281,12.33,13.57,823379,902908,-8.80
電子零組件業,6141,柏承科技,257710,249336,219309,3.35,17.50,2266797,1831143,23.79
電子零組件業,6153,嘉聯益,1253575,1245133,1522254,0.67,-17.65,9820915,11407528,-13.90
電子零組件業,6155,鈞寶,56224,52998,54152,6.08,3.82,467310,482691,-3.18
電子零組件業,6165,捷泰精密,4058,7877,11429,-48.48,-64.49,92984,183224,-49.25
電子零組件業,6191,精成科技,2021806,1815743,1991449,11.34,1.52,16904215,16958373,-0.31
電子零組件業,6197,佳必琪,465033,540143,527605,-13.90,-11.85,3720699,4010763,-7.23
電子零組件業,6205,詮欣,165768,173682,180150,-4.55,-7.98,1518938,1666099,-8.83
電子零組件業,6213,聯茂,1634174,1737168,1673334,-5.92,-2.34,14473121,13930853,3.89
電子零組件業,6224,聚鼎,151955,149036,145683,1.95,4.30,1255479,1251247,0.33
電子零組件業,6251,定穎電子,1010020,1010367,990789,-0.03,1.94,8758600,8058709,8.68
電子零組件業,6269,台郡科技,2126671,2039498,2115938,4.27,0.50,12931301,12789977,1.10
電子零組件業,6282,康舒,1807602,1719387,1833355,5.13,-1.40,14863092,15548704,-4.40
電子零組件業,6412,群光電能,2767624,2550741,2503924,8.50,10.53,19385749,19249496,0.70
電子零組件業,6449,鈺邦科技,176357,154128,134233,14.42,31.38,1175342,1040613,12.94
電子零組件業,8039,台虹科技,834615,840874,1027338,-0.74,-18.75,7345715,7358738,-0.17
電子零組件業,8046,南電,2384423,2575974,2484073,-7.43,-4.01,22488069,22812936,-1.42
電子零組件業,8103,瀚荃,240389,234752,230081,2.40,4.48,1932164,1929317,0.14
電子零組件業,8213,志超,2050246,2024925,2147782,1.25,-4.54,16202131,16976932,-4.56
電子零組件業,8249,菱光科技,420854,436666,419962,-3.62,0.21,3313208,4037971,-17.94
電子通路業,2347,聯強國際,32340276,30452230,29997266,6.20,7.81,252050197,227922273,10.58
電子通路業,2414,精技電腦,1374645,1560119,1349401,-11.88,1.87,11807233,11424814,3.34
電子通路業,2430,燦坤實業,1651426,1741186,1617516,-5.15,2.09,17066966,17454121,-2.21
電子通路業,2459,敦吉,911314,1210464,1006199,-24.71,-9.43,9405871,8347227,12.68
電子通路業,3010,華立,3395447,3345911,3731241,1.48,-8.99,29191248,29107733,0.28
電子通路業,3028,增你強,2128995,1990599,2379920,6.95,-10.54,16604300,17920628,-7.34
電子通路業,3033,威健,4503217,3777965,3949769,19.19,14.01,31246785,28419873,9.94
電子通路業,3036,文曄科技,15717656,14295818,10312329,9.94,52.41,98695422,86022643,14.73
電子通路業,3048,益登,9607421,8813292,7808145,9.01,23.04,53347276,52903166,0.83
電子通路業,3055,蔚華科技,194806,247145,214686,-21.17,-9.26,2672619,2132758,25.31
電子通路業,3209,全科,2588878,2773484,2219510,-6.65,16.64,20945986,17913871,16.92
電子通路業,3312,弘憶國際,617861,705830,828641,-12.46,-25.43,6314108,11978167,-47.28
電子通路業,3315,宣昶,1298062,1256017,900735,3.34,44.11,8445980,6499848,29.94
電子通路業,3528,安馳科技,268569,272686,265816,-1.50,1.03,2398521,2511609,-4.50
電子通路業,3702,大聯大,50965399,46985406,51414109,8.47,-0.87,397550974,372973921,6.58
電子通路業,5434,崇越科技,1916547,1845579,1651337,3.84,16.06,17159702,14148534,21.28
電子通路業,6145,勁永國際,481306,160141,477099,200.55,0.88,2752573,6589841,-58.23
電子通路業,6189,豐藝電子,1684025,1704281,1571758,-1.18,7.14,13942505,13012879,7.14
電子通路業,6281,全國電,1110641,1309427,1146469,-15.18,-3.12,13500209,12846092,5.09
電子通路業,8070,長華電材,814798,843140,1312615,-3.36,-37.92,8273564,11486788,-27.97
電子通路業,8112,至上電子,9389374,9241041,6627973,1.60,41.66,76129757,54506010,39.67
資訊服務業,2427,三商電腦,142971,146501,149490,-2.40,-4.36,1519428,1244491,22.09
資訊服務業,2453,凌群,311401,293589,432408,6.06,-27.98,2499405,2533024,-1.32
資訊服務業,2468,華經,113679,119371,112662,-4.76,0.90,1005984,1020532,-1.42
資訊服務業,2471,資通,55690,52480,56195,6.11,-0.89,477098,415622,14.79
資訊服務業,2480,敦陽科技,491785,302832,418333,62.39,17.55,2981489,3379412,-11.77
資訊服務業,3029,零壹科技,453616,613769,436931,-26.09,3.81,4316889,3873367,11.45
資訊服務業,3130,一零四,116676,135429,215369,-13.84,-45.82,1103639,1942463,-43.18
資訊服務業,4994,傳奇,65971,64539,94546,2.21,-30.22,713423,955569,-25.34
資訊服務業,5203,訊連,159070,106837,206932,48.89,-23.12,1370766,1405685,-2.48
資訊服務業,6112,聚碩,760504,749771,767137,1.43,-0.86,6788353,6437186,5.45
資訊服務業,6183,關貿,100871,107345,97476,-6.03,3.48,904697,902769,0.21
資訊服務業,6214,精誠資訊,1498867,1257142,1584922,19.22,-5.42,11597906,11566283,0.27
其他電子業,2312,金寶電子,10402939,11594779,3195979,-10.27,225.50,92196661,34053997,170.73
其他電子業,2317,鴻海,468361676,312697365,460903278,49.78,1.61,2954744579,3052958269,-3.21
其他電子業,2354,鴻準,7832318,7675435,10281740,2.04,-23.82,59191589,74542482,-20.59
其他電子業,2359,所羅門,309152,353961,263184,-12.65,17.46,3020730,3339767,-9.55
其他電子業,2360,致茂電子,1058779,879918,876441,20.32,20.80,8849335,7131307,24.09
其他電子業,2373,震旦行,1269786,1177173,1181403,7.86,7.48,10640958,9765812,8.96
其他電子業,2390,云辰,77368,68424,85452,13.07,-9.46,647964,619717,4.55
其他電子業,2404,漢唐,1146805,1063865,1014982,7.79,12.98,11474852,8971656,27.90
其他電子業,2423,固緯,216378,177453,188052,21.93,15.06,1534441,1496246,2.55
其他電子業,2433,互盛電,290284,284462,257739,2.04,12.62,2521377,2138798,17.88
其他電子業,2461,光群雷射,450532,444854,372122,1.27,21.07,3438006,2954227,16.37
其他電子業,2464,盟立,686995,686170,745729,0.12,-7.87,6463110,5787799,11.66
其他電子業,2474,可成科技,7722300,7002104,7982270,10.28,-3.25,55097961,58934080,-6.50
其他電子業,2477,美隆電,363702,350735,517821,3.69,-29.76,2524502,3021945,-16.46
其他電子業,2482,連宇,87297,71796,78109,21.59,11.76,673479,662668,1.63
其他電子業,2488,漢平,337001,327742,237633,2.82,41.81,2440872,1678969,45.37
其他電子業,2495,普安,148021,161807,148721,-8.52,-0.47,1296451,1223614,5.95
其他電子業,2497,怡利電子,243782,159398,262879,52.93,-7.26,2086870,2654617,-21.38
其他電子業,3018,同開科技,255634,183973,72096,38.95,254.57,1244528,836766,48.73
其他電子業,3030,德律科技,235197,287121,560176,-18.08,-58.01,2448138,4047891,-39.52
其他電子業,3043,科風,102539,110666,113614,-7.34,-9.74,925784,982467,-5.76
其他電子業,3305,昇貿科技,480377,450578,387491,6.61,23.97,3468580,3547866,-2.23
其他電子業,3450,聯鈞,671875,678067,621781,-0.91,8.05,6230685,5100074,22.16
其他電子業,3518,柏騰科技,67744,80830,90521,-16.18,-25.16,628540,881985,-28.73
其他電子業,3617,碩天科技,529669,576356,610348,-8.10,-13.21,5118563,4609527,11.04
其他電子業,6139,亞翔工程,1145940,1515263,1940060,-24.37,-40.93,18339980,11372502,61.26
其他電子業,6192,巨路國際,386907,444027,433046,-12.86,-10.65,3508740,3773286,-7.01
其他電子業,6196,帆宣科技,1567779,1484330,1564502,5.62,0.20,13413265,13057726,2.72
其他電子業,6201,亞弘電,277395,326592,277187,-15.06,0.07,2606408,2420948,7.66
其他電子業,6215,和椿科技,93408,96847,142650,-3.55,-34.51,1198591,1314251,-8.80
其他電子業,6409,旭隼,715144,690781,700779,3.52,2.04,6120618,6094763,0.42
其他電子業,8021,尖點,311531,284317,332609,9.57,-6.33,2349439,2595659,-9.48
其他電子業,8201,無敵,60960,82167,38390,-25.80,58.79,512523,767382,-33.21
油電燃氣業,2616,山隆通運,1245023,1413239,1269983,-11.90,-1.96,11296224,12035381,-6.14
油電燃氣業,6505,台塑石化,40871545,41696972,46111054,-1.97,-11.36,393874901,479217566,-17.80
油電燃氣業,8926,台汽電,106913,113778,295883,-6.03,-63.86,939847,1212129,-22.46
油電燃氣業,9908,大台北,253309,256122,284948,-1.09,-11.10,2683452,3171445,-15.38
油電燃氣業,9918,欣天然,99815,98234,120598,1.60,-17.23,1344799,1674002,-19.66
油電燃氣業,9926,新海瓦斯,137167,139697,157723,-1.81,-13.03,1482011,1708926,-13.27
油電燃氣業,9931,欣高,72978,83920,83084,-13.03,-12.16,824093,985155,-16.34
油電燃氣業,9937,全國,1430732,1559891,1645909,-8.28,-13.07,13323396,15775245,-15.54
建材營造,1436,華友聯,177964,120994,18146,47.08,880.73,873252,100320,770.46
建材營造,1438,裕豐,0,1,0,-100.00,,59,23540,-99.74
建材營造,1442,名軒,259458,275506,304069,-5.82,-14.67,4852562,1442132,236.48
建材營造,1805,寶徠,4439,977,3469,354.35,27.96,17501,98316,-82.19
建材營造,1808,潤隆,417679,1979754,952620,-78.90,-56.15,3351968,3890592,-13.84
建材營造,2501,國建,1859350,376024,156246,394.47,1090.01,11489023,6672697,72.17
建材營造,2504,國產,1906793,2220102,2196454,-14.11,-13.18,20324038,20600512,-1.34
建材營造,2505,國揚實業,316,44503,98195,-99.28,-99.67,611518,2290935,-73.30
建材營造,2506,太設,66858,345365,80484,-80.64,-16.93,1505596,1535157,-1.92
建材營造,2509,全坤建,37357,7213,121726,417.91,-69.31,400910,321397,24.73
建材營造,2511,太子,959342,703922,821696,36.28,16.75,6562804,8039431,-18.36
建材營造,2515,中工,989827,940052,1487710,5.29,-33.46,7718898,11792858,-34.54
建材營造,2516,新建,517390,443494,432630,16.66,19.59,3763362,6139528,-38.70
建材營造,2520,冠德,1098651,943046,739254,16.50,48.61,9333694,5360635,74.11
建材營造,2524,京城,235610,131126,167714,79.68,40.48,1495221,1247847,19.82
建材營造,2527,宏璟,127939,13483,88779,848.89,44.10,666468,2846586,-76.58
建材營造,2528,皇普建設,5,7138,1792,-99.92,-99.72,89782,70067,28.13
建材營造,2530,華建,3366,1675,416495,100.95,-99.19,2353877,421775,458.08
建材營造,2534,宏盛,136976,140741,2473,-2.67,5438.85,1519825,1204934,26.13
建材營造,2535,達工,760882,995841,1253926,-23.59,-39.32,9527062,8284204,15.00
建材營造,2536,宏普建設,149857,110603,714206,35.49,-79.01,4555626,4303827,5.85
建材營造,2537,聯上開發,33,66767,32,-99.95,3.12,1284265,279421,359.61
建材營造,2538,基泰建設,10807,10750,40012,0.53,-72.99,606354,5168093,-88.26
建材營造,2539,櫻花建設,17417,425,20649,3998.11,-15.65,564384,2009517,-71.91
建材營造,2540,愛山林,116572,78178,77114,49.11,51.16,759872,543361,39.84
建材營造,2542,興富發,1788179,4998579,1392507,-64.22,28.41,27109392,15031174,80.35
建材營造,2543,皇昌營造,477564,291209,453032,63.99,5.41,3429100,4285726,-19.98
建材營造,2545,皇翔,149784,655494,20297,-77.14,637.96,13008955,899877,1345.63
建材營造,2546,根基,765684,644503,786914,18.80,-2.69,6305414,4168372,51.26
建材營造,2547,日勝,242702,317123,302375,-23.46,-19.73,2307680,2761645,-16.43
建材營造,2548,華固建設,4226067,303608,152673,1291.94,2668.05,6154588,5362802,14.76
建材營造,2597,潤弘精密,623226,865098,541913,-27.95,15.00,6148433,7229012,-14.94
建材營造,2841,台灣土地,15882,23873,36812,-33.47,-56.85,206650,382555,-45.98
建材營造,3052,夆典,62680,720360,442423,-91.29,-85.83,1648289,1815672,-9.21
建材營造,3056,總太地產,55699,53151,518357,4.79,-89.25,4484973,3217999,39.37
建材營造,3266,昇陽建設,71793,84669,222328,-15.20,-67.70,1041277,1124594,-7.40
建材營造,3703,欣陸投控,1984197,1804116,1215039,9.98,63.30,16411387,16348034,0.38
建材營造,5515,建國工程,390906,458851,432447,-14.80,-9.60,3921053,3642219,7.65
建材營造,5519,隆大營建,114553,138324,149246,-17.18,-23.24,1339496,1834410,-26.97
建材營造,5521,工信,417264,385761,503291,8.16,-17.09,3285593,5008018,-34.39
建材營造,5522,遠雄建設,2290290,1555354,2179805,47.25,5.06,22423644,20085148,11.64
建材營造,5525,順天建設,130982,38454,99838,240.61,31.19,721560,3150439,-77.09
建材營造,5531,鄉林建設,272698,784070,237665,-65.22,14.74,3986720,1486020,168.28
建材營造,5533,皇鼎建設,294406,40182,223972,632.68,31.44,1457075,2285104,-36.23
建材營造,5534,長虹,112901,290595,284338,-61.14,-60.29,4503751,1823297,147.01
建材營造,6177,達麗,239180,46303,52485,416.55,355.71,2124733,1977644,7.43
建材營造,9906,欣巴巴,58572,88762,13810,-34.01,324.12,652818,604512,7.99
建材營造,9946,三發地產,101938,145313,701345,-29.84,-85.46,2225418,3247776,-31.47
航運業,2208,台船公司,893912,1379366,1644198,-35.19,-45.63,12791359,16160912,-20.85
航運業,2603,長榮海運,11217865,10146401,10663419,10.56,5.19,90272378,103223180,-12.54
航運業,2605,新興,289507,315112,447187,-8.12,-35.26,3208264,3765068,-14.78
航運業,2606,裕民,594526,526568,750901,12.90,-20.82,4613438,5903418,-21.85
航運業,2607,榮運,595148,641234,606944,-7.18,-1.94,5534605,5530842,0.06
航運業,2608,嘉里大榮,745598,842249,772211,-11.47,-3.44,6950626,6502211,6.89
航運業,2609,陽明海運,9582922,10104670,10627325,-5.16,-9.82,83887741,97647554,-14.09
航運業,2610,華航,11232306,12463097,11073818,-9.87,1.43,105350796,109837033,-4.08
航運業,2611,志信,94138,108195,106257,-12.99,-11.40,927748,1025975,-9.57
航運業,2612,中航,264959,283233,279045,-6.45,-5.04,2466996,2516989,-1.98
航運業,2613,中櫃,210473,222194,204175,-5.27,3.08,1912250,1899604,0.66
航運業,2615,萬海,4548374,4684872,4949592,-2.91,-8.10,42451823,48930101,-13.23
航運業,2617,台航,204399,208489,220260,-1.96,-7.20,1786951,2037934,-12.31
航運業,2618,長榮航空,11885371,13155846,10915981,-9.65,8.88,108261851,102075401,6.06
航運業,2634,漢翔公司,2087887,2313395,2675997,-9.74,-21.97,20449409,20004078,2.22
航運業,2642,宅配通,228595,219940,232225,3.93,-1.56,1973959,1950642,1.19
航運業,5607,遠雄港,107819,119870,103518,-10.05,4.15,966236,936705,3.15
航運業,5608,四維航業,271880,292688,407349,-7.10,-33.25,2655598,3384337,-21.53
航運業,6702,復興航空,770947,962437,839834,-19.89,-8.20,8923777,7804477,14.34
觀光事業,2701,萬企,31470,32662,32568,-3.64,-3.37,287940,307132,-6.24
觀光事業,2702,華園,106995,123147,57800,-13.11,85.11,1033220,544135,89.88
觀光事業,2704,國賓,310902,279611,305492,11.19,1.77,2690069,2665112,0.93
觀光事業,2705,六福,238354,297739,222261,-19.94,7.24,2344426,2153681,8.85
觀光事業,2706,第一店,25966,28419,28635,-8.63,-9.32,250767,274450,-8.62
觀光事業,2707,晶華酒店,560795,549041,503449,2.14,11.39,5009746,4918309,1.85
觀光事業,2712,遠雄來,41881,64622,50634,-35.19,-17.28,409559,438508,-6.60
觀光事業,2722,夏都,52671,83606,64456,-37.00,-18.28,584696,588496,-0.64
觀光事業,2727,王品,1180755,1529745,1250168,-22.81,-5.55,12316885,12889942,-4.44
觀光事業,2731,雄獅旅遊,1912496,2037534,1749777,-6.13,9.29,16703456,16294788,2.50
觀光事業,2739,寒舍餐旅,319898,295653,350804,8.20,-8.81,3085789,3233266,-4.56
觀光事業,5706,鳳凰旅遊,314141,289742,282879,8.42,11.05,2242160,2427944,-7.65
觀光事業,8940,新天地,98805,43979,98596,124.66,0.21,1010327,1139489,-11.33
觀光事業,9943,好樂迪,238586,237804,235958,0.32,1.11,2227335,2380730,-6.44
金融保險業（其中金控公司係控股公司，其申報之「營業收入」係認列所有子公司損益之合計數）,2801,彰化銀行,2392647,2781429,2309084,-13.97,3.61,23156443,21531092,7.54
金融保險業（其中金控公司係控股公司，其申報之「營業收入」係認列所有子公司損益之合計數）,2809,京城銀行,632604,701573,733752,-9.83,-13.78,5806170,4915231,18.12
金融保險業（其中金控公司係控股公司，其申報之「營業收入」係認列所有子公司損益之合計數）,2812,台中銀行,1022586,883398,778978,15.75,31.27,7701823,7236521,6.42
金融保險業（其中金控公司係控股公司，其申報之「營業收入」係認列所有子公司損益之合計數）,2816,旺旺保險,525281,546989,485715,-3.96,8.14,4628178,4375863,5.76
金融保險業（其中金控公司係控股公司，其申報之「營業收入」係認列所有子公司損益之合計數）,2820,華票,163744,202903,214516,-19.29,-23.66,1825475,1627999,12.12
金融保險業（其中金控公司係控股公司，其申報之「營業收入」係認列所有子公司損益之合計數）,2823,中壽,17168555,23655901,17861247,-27.42,-3.87,180537021,146810956,22.97
金融保險業（其中金控公司係控股公司，其申報之「營業收入」係認列所有子公司損益之合計數）,2832,台產,335474,437226,382618,-23.27,-12.32,3431317,3801623,-9.74
金融保險業（其中金控公司係控股公司，其申報之「營業收入」係認列所有子公司損益之合計數）,2834,臺灣企銀,1569260,1721066,1585601,-8.82,-1.03,15781186,15085232,4.61
金融保險業（其中金控公司係控股公司，其申報之「營業收入」係認列所有子公司損益之合計數）,2836,高銀,283313,269233,267507,5.22,5.90,2554711,2506148,1.93
金融保險業（其中金控公司係控股公司，其申報之「營業收入」係認列所有子公司損益之合計數）,2838,聯邦銀行,909238,1072005,981720,-15.18,-7.38,8729882,8404696,3.86
金融保險業（其中金控公司係控股公司，其申報之「營業收入」係認列所有子公司損益之合計數）,2845,遠東商銀,897578,872449,961595,2.88,-6.65,7938123,8409821,-5.60
金融保險業（其中金控公司係控股公司，其申報之「營業收入」係認列所有子公司損益之合計數）,2849,安泰銀行,443694,560278,657616,-20.80,-32.52,4781667,5782242,-17.30
金融保險業（其中金控公司係控股公司，其申報之「營業收入」係認列所有子公司損益之合計數）,2850,新產,1052193,1151830,1072553,-8.65,-1.89,9627954,9157877,5.13
金融保險業（其中金控公司係控股公司，其申報之「營業收入」係認列所有子公司損益之合計數）,2851,中再保,1190953,1142870,1168034,4.20,1.96,10174094,10705618,-4.96
金融保險業（其中金控公司係控股公司，其申報之「營業收入」係認列所有子公司損益之合計數）,2852,第一保,446230,486969,398893,-8.36,11.86,4131959,3678972,12.31
金融保險業（其中金控公司係控股公司，其申報之「營業收入」係認列所有子公司損益之合計數）,2855,統一證券,360766,689615,484946,-47.68,-25.60,4000143,3557551,12.44
金融保險業（其中金控公司係控股公司，其申報之「營業收入」係認列所有子公司損益之合計數）,2856,元富證券,300490,324943,955802,-7.52,-68.56,3529408,3863978,-8.65
金融保險業（其中金控公司係控股公司，其申報之「營業收入」係認列所有子公司損益之合計數）,2867,三商美邦,15035870,14958616,13063945,0.51,15.09,129851720,120152525,8.07
金融保險業（其中金控公司係控股公司，其申報之「營業收入」係認列所有子公司損益之合計數）,2880,華南金,3826826,3673402,3038157,4.17,25.95,31766564,29765490,6.72
金融保險業（其中金控公司係控股公司，其申報之「營業收入」係認列所有子公司損益之合計數）,2881,富邦金,32841664,37627354,41734756,-12.71,-21.30,339743177,318579284,6.64
金融保險業（其中金控公司係控股公司，其申報之「營業收入」係認列所有子公司損益之合計數）,2882,國泰金,48131757,48845865,51925564,-1.46,-7.30,409111963,349000976,17.22
金融保險業（其中金控公司係控股公司，其申報之「營業收入」係認列所有子公司損益之合計數）,2883,開發金,2045151,3014227,1836951,-32.15,11.33,20880030,21891030,-4.61
金融保險業（其中金控公司係控股公司，其申報之「營業收入」係認列所有子公司損益之合計數）,2884,玉山金控,3469301,3700084,3488629,-6.23,-0.55,30354326,29335861,3.47
金融保險業（其中金控公司係控股公司，其申報之「營業收入」係認列所有子公司損益之合計數）,2885,元大金,8028403,8331877,6458319,-3.64,24.31,57991186,49667661,16.75
金融保險業（其中金控公司係控股公司，其申報之「營業收入」係認列所有子公司損益之合計數）,2886,兆豐金,4791405,5231928,4627069,-8.41,3.55,41355152,43077907,-3.99
金融保險業（其中金控公司係控股公司，其申報之「營業收入」係認列所有子公司損益之合計數）,2887,台新金控,2643755,3184709,2991226,-16.98,-11.61,27728106,28498325,-2.70
金融保險業（其中金控公司係控股公司，其申報之「營業收入」係認列所有子公司損益之合計數）,2888,新光金,20590478,20622508,17913179,-0.15,14.94,182387992,155170361,17.54
金融保險業（其中金控公司係控股公司，其申報之「營業收入」係認列所有子公司損益之合計數）,2889,國票金控,372922,556717,533576,-33.01,-30.10,4385107,3775920,16.13
金融保險業（其中金控公司係控股公司，其申報之「營業收入」係認列所有子公司損益之合計數）,2890,永豐金控,2297351,2654616,2598809,-13.45,-11.59,23521680,24328884,-3.31
金融保險業（其中金控公司係控股公司，其申報之「營業收入」係認列所有子公司損益之合計數）,2891,中信金,26996432,27929478,17455895,-3.34,54.65,235612169,148618650,58.53
金融保險業（其中金控公司係控股公司，其申報之「營業收入」係認列所有子公司損益之合計數）,2892,第一金控,3528605,4081990,3613572,-13.55,-2.35,33732569,29967501,12.56
金融保險業（其中金控公司係控股公司，其申報之「營業收入」係認列所有子公司損益之合計數）,5880,合庫金,3326382,3668131,3383973,-9.31,-1.70,32234295,29262163,10.15
金融保險業（其中金控公司係控股公司，其申報之「營業收入」係認列所有子公司損益之合計數）,6005,群益證,551464,591140,567086,-6.71,-2.75,4882683,4656096,4.86
貿易百貨,2601,益航,519625,534185,697759,-2.72,-25.52,5500354,6331218,-13.12
貿易百貨,2614,東森,776611,8619260,985590,-90.98,-21.20,15523229,8387282,85.08
貿易百貨,2901,欣欣大眾,25337,11080,29031,128.67,-12.72,114597,120855,-5.17
貿易百貨,2903,遠百,3267704,3328559,3408573,-1.82,-4.13,30789910,31647712,-2.71
貿易百貨,2905,三商,20630652,18975585,17309916,8.72,19.18,163389575,145497343,12.29
貿易百貨,2906,高林實,569102,646234,507978,-11.93,12.03,4796823,4512476,6.30
貿易百貨,2908,特力,2975356,2978984,2994164,-0.12,-0.62,27057398,27614321,-2.01
貿易百貨,2910,統領,37276,47583,62276,-21.66,-40.14,451220,465100,-2.98
貿易百貨,2911,麗嬰房,710309,587365,864430,20.93,-17.82,5897778,6670447,-11.58
貿易百貨,2912,統一超,18104336,18630112,17577956,-2.82,2.99,161455341,153065676,5.48
貿易百貨,2913,台灣農林,26026,26860,60342,-3.10,-56.86,513627,746464,-31.19
貿易百貨,2915,潤泰全球,520577,494267,1179846,5.32,-55.87,6021246,6796316,-11.40
貿易百貨,8443,阿瘦,149145,167527,193949,-10.97,-23.10,1461997,1634610,-10.55
貿易百貨,8454,富邦媒,2183329,2311226,2045002,-5.53,6.76,20460089,18786924,8.90
其他,1435,中福國際,2742,2869,2500,-4.42,9.68,21189,22093,-4.09
其他,1516,川飛,33331,0,78784,,-57.69,420514,194841,115.82
其他,2062,橋椿,514729,535233,576008,-3.83,-10.63,4634866,4934339,-6.06
其他,2348,海悅,33683,17150,154805,96.40,-78.24,289819,782995,-62.98
其他,2514,龍邦國際,105397,494038,2529007,-78.66,-95.83,702848,53346633,-98.68
其他,2904,匯僑,41272,40110,39021,2.89,5.76,382160,389030,-1.76
其他,3040,遠見,22327,17182,16041,29.94,39.18,166652,165085,0.94
其他,4536,拓凱,551977,633998,597037,-12.93,-7.54,4676629,5045228,-7.30
其他,6184,大豐電,136158,134177,142217,1.47,-4.26,1224061,1238277,-1.14
其他,6464,台數科,247895,245756,251852,0.87,-1.57,2227933,2272111,-1.94
其他,6504,南六,544576,481581,543035,13.08,0.28,4465890,4438015,0.62
其他,8033,雷虎科技,47625,62140,59171,-23.35,-19.51,545538,672080,-18.82
其他,8341,日友,126283,155350,129165,-18.71,-2.23,1299105,1166939,11.32
其他,8422,可寧衛,270920,281758,246852,-3.84,9.74,2452645,1955691,25.41
其他,8463,潤泰精材,202473,243942,223947,-16.99,-9.58,2138270,2581563,-17.17
其他,8464,億豐,1646698,1699985,1554782,-3.13,5.91,14013306,12155973,15.27
其他,8473,山林水,168929,221994,103547,-23.90,63.14,1570772,1018106,54.28
其他,9902,台火,1357,1648,3747,-17.65,-63.78,38722,74308,-47.88
其他,9904,寶成工業,21466935,21415960,22478449,0.23,-4.49,204941892,198640270,3.17
其他,9905,大華金,558983,694361,647951,-19.49,-13.73,5497475,6476436,-15.11
其他,9907,統一實業,2661669,2983689,2825366,-10.79,-5.79,25038264,28885038,-13.31
其他,9910,豐泰企業,4715926,4827040,5397802,-2.30,-12.63,43826560,40919021,7.10
其他,9911,台灣櫻花,453997,432405,398875,4.99,13.81,4032830,3490537,15.53
其他,9914,美利達,2013832,2282657,2634127,-11.77,-23.54,17395822,21730644,-19.94
其他,9917,中保,1115436,1151393,1094607,-3.12,1.90,10033628,9892949,1.42
其他,9919,康那香,325969,380947,336570,-14.43,-3.14,3110217,3279999,-5.17
其他,9921,巨大機械,5200784,5051284,5536443,2.95,-6.06,44229502,46917507,-5.72
其他,9924,台灣福興,693025,783084,799533,-11.50,-13.32,6346024,6024531,5.33
其他,9925,新光保全,596378,582723,577442,2.34,3.27,5362833,5249332,2.16
其他,9927,泰銘,694643,852201,836475,-18.48,-16.95,6610310,7922920,-16.56
其他,9928,中視,57860,57942,86394,-0.14,-33.02,564212,632773,-10.83
其他,9929,秋雨,58445,57693,100364,1.30,-41.76,546898,839574,-34.86
其他,9930,中聯資源,435923,610097,600996,-28.54,-27.46,5087390,5675154,-10.35
其他,9933,中鼎工程,5891738,6657363,5479819,-11.50,7.51,50539630,46303421,9.14
其他,9934,成霖企業,1506877,1585520,1822734,-4.96,-17.32,14737438,14654673,0.56
其他,9935,慶豐富,241924,345200,283247,-29.91,-14.58,2667446,2508940,6.31
其他,9938,台灣百和,1029130,948421,874159,8.50,17.72,7913676,6897320,14.73
其他,9939,宏全,1390320,1633534,1162193,-14.88,19.62,13259624,13561017,-2.22
其他,9940,信義房屋,630119,665181,518139,-5.27,21.61,5620194,5654071,-0.59
其他,9941,裕融企業,1459692,1443972,1357834,1.08,7.50,13038592,12543559,3.94
其他,9942,茂順,247519,254906,222923,-2.89,11.03,2214336,2091447,5.87
其他,9944,新麗企業,260121,279386,296396,-6.89,-12.23,2754936,3033142,-9.17
其他,9945,潤泰創新,1261180,1071038,2918621,17.75,-56.78,9352980,8812865,6.12
其他,9955,佳龍,168497,210720,172431,-20.03,-2.28,1987522,1816148,9.43
